Region,Children enrolled in a preschool or preschool program (no.),Estimated resident Aboriginal and Torres Strait Islander population (no.),Estimated resident population (no.),Land area (ha),Median monthly household mortgage payment ($),Median price of established house transfers ($),Median total income (excl. Government pensions and allowances) ($),Median weekly household rental payment ($),Number of jobs,Persons born overseas (no.),Speakers of an Aboriginal or Torres Strait Islander language who identify as Aboriginal and/or Torres Strait Islander (%),Total number of businesses,Total protected land area (ha),Working age population (aged 15-64 years) (%)
Alfredton,2021/306,2021/225,2023/18 997,2021/5 271.1,2021/1 698,2023/650 000,2020/55 204,2021/370,2020/11 837,2021/2 640,2021/1.5,2023/1 215,2022/61,2022/63.4
Ballarat,2021/135,2021/147,2023/11 809,2021/1 237.9,2021/1 700,2023/715 000,2020/53 784,2021/313,2020/10 196,2021/1 613,2021/2.4,2023/2 720,2022/No data available,2022/62
Buninyong,2021/118,2021/100,2023/7 323,2021/5 158.6,2021/1 662,2023/645 000,2020/54 308,2021/330,2020/5 582,2021/732,2021/0,2023/527,2022/114,2022/60.6
Delacombe,2021/219,2021/267,2023/12 869,2021/3 416.1,2021/1 500,2023/578 000,2020/51 915,2021/360,2020/7 250,2021/1 166,2021/0,2023/918,2022/No data available,2022/64.6
Smythes Creek,2021/70,2021/95,2023/4 268,2021/10 472.7,2021/1 733,2023/No data available,2020/53 981,2021/350,2020/3 410,2021/325,2021/0,2023/354,2022/188,2022/64.5
Wendouree - Miners Rest,2021/232,2021/528,2023/15 431,2021/6 757.4,2021/1 300,2023/485 000,2020/47 627,2021/260,2020/10 184,2021/1 347,2021/2.4,2023/1 151,2022/14,2022/61.2
Ballarat East - Warrenheip,2021/150,2021/270,2023/9 628,2021/1 921.6,2021/1 300,2023/530 000,2020/No data available,2021/288,2020/7 350,2021/997,2021/1.7,2023/684,2022/No data available,2022/61.9
Ballarat North - Invermay,2021/230,2021/194,2023/15 015,2021/7 314.2,2021/1 560,2023/690 000,2020/No data available,2021/300,2020/11 228,2021/1 363,2021/2.9,2023/1 148,2022/14,2022/61.9
Canadian - Mount Clear,2021/186,2021/291,2023/12 433,2021/2 227.3,2021/1 387,2023/535 000,2020/No data available,2021/295,2020/8 473,2021/1 541,2021/0,2023/734,2022/No data available,2022/64.4
Sebastopol - Redan,2021/212,2021/429,2023/12 885,2021/1 058.1,2021/1 179,2023/480 000,2020/No data available,2021/260,2020/9 668,2021/1 303,2021/0,2023/591,2022/No data available,2022/62.4
Bacchus Marsh Surrounds,2021/83,2021/86,2023/6 639,2021/103 881.2,2021/1 700,2023/640 000,2020/53 942,2021/330,2020/5 032,2021/827,2021/0,2023/673,2022/18 883,2022/62.3
Creswick - Clunes,2021/110,2021/135,2023/7 987,2021/85 678.9,2021/1 300,2023/540 000,2020/44 642,2021/250,2020/6 001,2021/806,2021/0,2023/781,2022/1 646,2022/57.9
Daylesford,2021/87,2021/94,2023/10 085,2021/92 075.8,2021/1 600,2023/900 000,2020/41 806,2021/330,2020/7 434,2021/1 631,2021/0,2023/1 205,2022/2 004,2022/58.3
Gordon (Vic.),2021/75,2021/114,2023/6 408,2021/85 031.4,2021/1 695,2023/617 500,2020/51 371,2021/270,2020/5 044,2021/656,2021/0,2023/765,2022/237,2022/62.9
Avoca,2021/34,2021/55,2023/3 594,2021/171 424,2021/1 006,2023/335 000,2020/38 869,2021/200,2020/2 447,2021/335,2021/0,2023/477,2022/10 555,2022/55
Beaufort,2021/35,2021/124,2023/4 709,2021/186 304.3,2021/1 216,2023/442 500,2020/43 576,2021/218,2020/3 275,2021/449,2021/0,2023/498,2022/3 616,2022/59.6
Golden Plains - North,2021/65,2021/96,2023/4 940,2021/92 208.1,2021/1 387,2023/537 500,2020/47 277,2021/250,2020/3 533,2021/453,2021/0,2023/385,2022/5 490,2022/62.4
Maryborough (Vic.),2021/75,2021/242,2023/8 154,2021/4 553.8,2021/1 000,2023/399 500,2020/41 645,2021/240,2020/4 467,2021/716,2021/3.5,2023/483,2022/75,2022/53.3
Maryborough Surrounds,2021/49,2021/123,2023/5 644,2021/162 755.2,2021/1 046,2023/370 000,2020/38 880,2021/200,2020/3 431,2021/553,2021/0,2023/436,2022/9 938,2022/56.3
Bendigo,2021/176,2021/565,2023/14 625,2021/1 608,2021/1 300,2023/507 000,2020/48 853,2021/280,2020/11 223,2021/1 780,2021/1.1,2023/1 897,2022/41,2022/64.7
California Gully - Eaglehawk,2021/216,2021/589,2023/13 310,2021/3 293.1,2021/1 300,2023/510 000,2020/47 989,2021/280,2020/8 900,2021/1 157,2021/4.4,2023/583,2022/160,2022/62.5
East Bendigo - Kennington,2021/180,2021/278,2023/13 974,2021/1 714.9,2021/1 430,2023/620 000,2020/49 879,2021/295,2020/10 328,2021/1 582,2021/0,2023/1 243,2022/19,2022/59.5
Flora Hill - Spring Gully,2021/127,2021/193,2023/9 460,2021/1 320.3,2021/1 399,2023/580 000,2020/50 172,2021/290,2020/7 389,2021/936,2021/0,2023/515,2022/260,2022/65.4
Kangaroo Flat - Golden Square,2021/349,2021/640,2023/21 258,2021/4 091.5,2021/1 300,2023/519 000,2020/48 761,2021/290,2020/14 611,2021/2 206,2021/0,2023/1 219,2022/569,2022/59.3
Maiden Gully,2021/95,2021/85,2023/5 749,2021/4 297.6,2021/1 690,2023/775 000,2020/54 617,2021/380,2020/4 459,2021/315,2021/0,2023/371,2022/50,2022/62.9
Strathfieldsaye,2021/228,2021/113,2023/11 271,2021/5 641.4,2021/1 742,2023/725 000,2020/57 975,2021/400,2020/7 954,2021/896,2021/0,2023/704,2022/1 091,2022/59.4
White Hills - Ascot,2021/320,2021/444,2023/15 236,2021/6 777.7,2021/1 469,2023/565 000,2020/53 137,2021/330,2020/10 701,2021/1 426,2021/3.3,2023/771,2022/926,2022/62.5
Bendigo Surrounds - South,2021/113,2021/141,2023/8 808,2021/79 685.4,2021/1 625,2023/615 500,2020/52 331,2021/320,2020/6 441,2021/566,2021/2.5,2023/721,2022/5 752,2022/63
Castlemaine,,,,,,,,,,,,,,
Castlemaine Surrounds,2021/100,2021/141,2023/9 397,2021/151 498,2021/1 473,2023/705 000,2020/42 113,2021/280,2020/6 963,2021/1 059,2021/0,2023/952,2022/4 121,2022/58
Heathcote,2021/41,2021/104,2023/5 261,2021/75 681.7,2021/1 387,2023/542 500,2020/43 831,2021/260,2020/3 179,2021/533,2021/0,2023/401,2022/7 003,2022/55.6
Kyneton,2021/142,2021/110,2023/10 571,2021/55 649,2021/1 737,2023/850 000,2020/48 746,2021/351,2020/8 283,2021/1 483,2021/4.2,2023/1 271,2022/717,2022/58.5
Woodend,2021/116,2021/55,2023/8 044,2021/21 186.8,2021/2 000,2023/865 000,2020/55 926,2021/392,2020/5 935,2021/1 269,2021/0,2023/758,2022/140,2022/57.7
Bendigo Surrounds - North,2021/63,2021/144,2023/5 154,2021/144 021.8,2021/1 300,2023/380 000,2020/48 282,2021/230,2020/3 596,2021/290,2021/0,2023/529,2022/14 408,2022/62.2
Loddon,2021/77,2021/211,2023/7 256,2021/619 330.7,2021/867,2023/267 500,2020/41 140,2021/170,2020/5 037,2021/614,2021/0,2023/964,2022/37 479,2022/55.2
Bannockburn,2021/157,2021/116,2023/8 143,2021/19 205.2,2021/1 907,2023/715 000,2020/57 208,2021/386,2020/5 742,2021/736,2021/0,2023/652,2022/151,2022/61.7
Golden Plains - South,2021/114,2021/118,2023/8 467,2021/148 452.9,2021/1 733,2023/660 000,2020/50 940,2021/308,2020/6 393,2021/789,2021/0,2023/858,2022/5 506,2022/63.2
Winchelsea,2021/89,2021/65,2023/6 781,2021/90 325.7,2021/1 733,2023/645 000,2020/50 686,2021/300,2020/5 476,2021/568,2021/0,2023/970,2022/1 407,2022/62.6
Belmont,2021/247,2021/237,2023/14 993,2021/936.8,2021/1 700,2023/691 000,2020/49 738,2021/350,2020/12 211,2021/2 563,2021/0,2023/1 059,2022/No data available,2022/64.3
Geelong,2021/142,2021/182,2023/13 649,2021/1 281.7,2021/1 703,2023/798 500,2020/53 310,2021/340,2020/12 087,2021/2 427,2021/2.6,2023/3 279,2022/No data available,2022/68.5
Geelong West - Hamlyn Heights,2021/378,2021/254,2023/21 846,2021/3 203.8,2021/1 842,2023/830 000,2020/56 471,2021/335,2020/17 901,2021/3 328,2021/3.2,2023/1 733,2022/No data available,2022/66.3
Highton,2021/380,2021/129,2023/25 142,2021/4 058.7,2021/2 000,2023/923 000,2020/53 558,2021/365,2020/19 239,2021/4 503,2021/0,2023/1 773,2022/No data available,2022/64.4
Lara,2021/325,2021/501,2023/22 090,2021/58 860.1,2021/1 755,2023/705 000,2020/56 249,2021/370,2020/15 061,2021/3 574,2021/0,2023/1 385,2022/3 227,2022/65.8
Leopold,2021/213,2021/182,2023/13 516,2021/2 792.9,2021/1 603,2023/700 000,2020/50 454,2021/375,2020/9 957,2021/1 783,2021/0,2023/727,2022/27,2022/60.5
Newcomb - Moolap,2021/181,2021/372,2023/15 197,2021/4 329.4,2021/1 367,2023/570 000,2020/46 478,2021/300,2020/11 199,2021/2 210,2021/0,2023/987,2022/890,2022/60.8
Newtown (Vic.),2021/168,2021/92,2023/10 362,2021/580.8,2021/2 167,2023/1 220 000,2020/60 993,2021/360,2020/8 960,2021/1 513,2021/3.8,2023/1 457,2022/No data available,2022/62.9
North Geelong - Bell Park,2021/241,2021/222,2023/15 718,2021/2 193.2,2021/1 560,2023/650 000,2020/50 763,2021/340,2020/11 810,2021/4 397,2021/3.2,2023/1 695,2022/83,2022/61.1
Charlemont,2021/89,2021/140,2023/12 731,2021/1 811.7,2021/1 755,2023/662 500,2020/No data available,2021/420,2020/4 025,2021/1 898,2021/0,2023/579,2022/No data available,2022/66.7
Corio - Lovely Banks,2021/242,2021/537,2023/18 401,2021/7 435.1,2021/1 300,2023/511 750,2020/No data available,2021/280,2020/11 891,2021/4 572,2021/1.5,2023/1 016,2022/30,2022/66.5
Grovedale - Mount Duneed,2021/491,2021/331,2023/26 663,2021/3 758.8,2021/1 733,2023/715 000,2020/No data available,2021/390,2020/22 244,2021/4 466,2021/3.2,2023/1 551,2022/No data available,2022/64.4
Norlane,2021/120,2021/410,2023/8 950,2021/646.3,2021/1 200,2023/460 500,2020/No data available,2021/254,2020/5 872,2021/2 289,2021/0,2023/545,2022/No data available,2022/65.8
Clifton Springs,2021/237,2021/254,2023/17 514,2021/6 515,2021/1 650,2023/690 000,2020/48 415,2021/380,2020/11 687,2021/2 545,2021/1.4,2023/971,2022/7,2022/57.5
Lorne - Anglesea,2021/44,2021/29,2023/6 215,2021/44 799.2,2021/2 167,2023/1 872 500,2020/42 606,2021/390,2020/4 586,2021/735,2021/0,2023/719,2022/31 733,2022/55
Portarlington,2021/79,2021/102,2023/10 282,2021/7 185.6,2021/1 667,2023/840 000,2020/40 764,2021/340,2020/5 405,2021/1 569,2021/0,2023/600,2022/369,2022/50.3
Point Lonsdale - Queenscliff,2021/52,2021/22,2023/5 725,2021/6 167.3,2021/2 000,2023/1 525 000,2020/44 696,2021/400,2020/3 355,2021/622,2021/0,2023/535,2022/236,2022/44.2
Torquay,,,,,,,,,,,,,,
Barwon Heads - Armstrong Creek,2021/166,2021/133,2023/13 295,2021/8 821.1,2021/1 907,2023/725 000,2020/No data available,2021/420,2020/7 551,2021/1 657,2021/7.8,2023/931,2022/2 423,2022/61.9
Ocean Grove,2021/336,2021/135,2023/20 220,2021/6 876.8,2021/2 000,2023/1 050 000,2020/No data available,2021/420,2020/15 340,2021/2 222,2021/0,2023/1 684,2022/532,2022/57.9
Alexandra,2021/80,2021/129,2023/6 836,2021/211 895.5,2021/1 300,2023/520 000,2020/40 199,2021/250,2020/5 054,2021/844,2021/0,2023/855,2022/30 252,2022/55.5
Euroa,2021/65,2021/156,2023/6 862,2021/205 790.5,2021/1 170,2023/460 000,2020/41 079,2021/250,2020/5 093,2021/630,2021/0,2023/991,2022/4 522,2022/53.1
Kilmore - Broadford,2021/246,2021/356,2023/16 130,2021/46 152.3,2021/1 603,2023/570 000,2020/52 821,2021/330,2020/11 251,2021/1 749,2021/2.1,2023/1 320,2022/1 592,2022/61.8
Mansfield (Vic.),2021/131,2021/134,2023/10 905,2021/392 787.7,2021/1 500,2023/665 000,2020/40 256,2021/320,2020/7 907,2021/1 197,2021/2.9,2023/1 480,2022/59 205,2022/57.8
Nagambie,,,,,,,,,,,,,,
Seymour,2021/80,2021/262,2023/6 665,2021/7 930.9,2021/1 300,2023/445 000,2020/46 029,2021/250,2020/4 490,2021/735,2021/0,2023/499,2022/341,2022/60.9
Seymour Surrounds,2021/56,2021/143,2023/4 566,2021/168 883.1,2021/1 733,2021/420 000,2020/54 521,2021/265,2020/3 386,2021/474,2021/0,2023/480,2022/2 637,2022/66
Upper Yarra Valley,2019/3,2021/7,2023/247,2021/85 627.1,2021/1 100,2022/565 000,2020/39 982,2021/260,2020/148,2021/17,2021/0,2023/13,2022/44 601,2022/71.7
Yea,2021/46,2021/95,2023/4 297,2021/147 429.7,2021/1 500,2023/555 000,2020/40 162,2021/300,2020/2 889,2021/449,2021/0,2023/600,2022/3 241,2022/57.9
Benalla,2021/132,2021/261,2023/10 799,2021/31 530.4,2021/1 253,2023/430 000,2020/45 272,2021/250,2020/7 563,2021/1 055,2021/0,2023/911,2022/2 224,2022/54.9
Benalla Surrounds,2021/41,2021/76,2023/3 809,2021/210 532.4,2021/1 365,2022/452 000,2020/39 851,2021/220,2020/3 265,2021/298,2021/6.3,2023/701,2022/16 197,2022/59.4
Rutherglen,2021/54,2021/102,2023/4 116,2021/47 983.5,2021/1 300,2023/541 000,2020/49 146,2021/243,2020/3 217,2021/273,2021/0,2023/433,2022/2 136,2022/57.3
Wangaratta,2021/302,2021/533,2023/19 969,2021/5 758.4,2021/1 300,2023/520 000,2020/48 372,2021/260,2020/14 557,2021/1 943,2021/0.7,2023/1 631,2022/98,2022/58.3
Wangaratta Surrounds,2021/141,2021/138,2023/10 033,2021/358 752.6,2021/1 500,2023/505 000,2020/44 091,2021/250,2020/8 934,2021/749,2021/4.3,2023/1 628,2022/66 261,2022/58.8
Beechworth,2021/52,2021/55,2023/4 935,2021/37 133.1,2021/1 560,2023/730 000,2020/45 613,2021/300,2020/3 970,2021/592,2021/0,2023/545,2022/7 026,2022/56.4
Bright - Mount Beauty,2021/117,2021/85,2023/8 915,2021/425 365.4,2021/1 500,2023/857 500,2020/39 120,2021/298,2020/7 414,2021/1 258,2021/26.5,2023/1 215,2022/171 286,2022/60.8
Chiltern - Indigo Valley,2021/30,2021/60,2023/3 230,2021/51 309,2021/1 389,2023/402 000,2020/49 171,2021/260,2020/2 782,2021/250,2021/0,2023/349,2022/12 144,2022/62.4
Myrtleford,2021/50,2021/80,2023/4 663,2021/55 336.4,2021/1 400,2023/590 000,2020/43 534,2021/250,2020/4 251,2021/680,2021/0,2023/585,2022/4 674,2022/58.1
Towong,2021/78,2021/137,2023/6 213,2021/666 894.7,2021/1 200,2023/350 000,2020/42 687,2021/210,2020/4 999,2021/526,2021/4.5,2023/975,2022/144 514,2022/55
West Wodonga,2021/268,2021/661,2023/15 584,2021/15 388,2021/1 387,2023/539 500,2020/52 290,2021/290,2020/11 763,2021/1 473,2021/0.7,2023/907,2022/480,2022/62.3
Yackandandah,2021/94,2021/101,2023/5 455,2021/70 819.8,2021/1 690,2023/596 500,2020/50 304,2021/280,2020/4 357,2021/378,2021/0,2023/672,2022/399,2022/59.9
Baranduda - Leneva,2021/187,2021/388,2023/13 878,2021/24 880.9,2021/1 707,2023/630 000,2020/No data available,2021/385,2020/7 761,2021/1 496,2021/2.7,2023/822,2022/233,2022/63
Wodonga,2021/320,2021/730,2023/14 814,2021/3 031.3,2021/1 300,2023/485 000,2020/No data available,2021/260,2020/13 254,2021/1 934,2021/0.9,2023/1 490,2020/13,2022/61.3
Drouin,2021/342,2021/430,2023/21 180,2021/32 680.6,2021/1 625,2023/605 000,2020/48 380,2021/330,2020/13 748,2021/2 412,2021/0.8,2023/1 607,2022/543,2022/59.4
Mount Baw Baw Region,2021/78,2021/57,2023/6 689,2021/275 332.8,2021/1 517,2023/452 500,2020/43 205,2021/250,2020/5 191,2021/630,2021/0,2023/889,2022/27 047,2022/59.4
Trafalgar (Vic.),2021/127,2021/84,2023/8 488,2021/50 152.9,2021/1 500,2023/572 500,2020/47 243,2021/300,2020/6 335,2021/879,2021/0,2023/920,2022/227,2022/58.2
Warragul,2021/354,2021/287,2023/24 417,2021/35 217.9,2021/1 647,2023/640 000,2020/49 466,2021/320,2020/17 030,2021/3 033,2021/2.9,2023/2 495,2022/1 038,2022/60.2
Alps - East,2021/No data available,2021/0,2020/3,2021/207 128.3,2021/No data available,2023/No data available,2019/32 682,2021/No data available,2018/3,2021/No data available,2021/0,2023/No data available,2022/105 565,2022/No data available
Bairnsdale,2021/237,2021/934,2023/15 819,2021/15 501.2,2021/1 300,2023/480 000,2020/44 665,2021/280,2020/10 844,2021/1 758,2021/1.5,2023/1 494,2022/1 036,2022/56.3
Bruthen - Omeo,2021/108,2021/183,2023/8 499,2021/737 741.7,2021/1 343,2023/427 500,2020/41 805,2021/250,2020/6 931,2021/732,2021/0,2023/1 105,2022/113 439,2022/59
Lake King,2021/No data available,2021/0,2023/No data available,2021/9 387.4,2021/No data available,2023/No data available,2020/No data available,2021/No data available,2020/No data available,2021/No data available,2021/0,2023/No data available,2022/1 962,2022/No data available
Lakes Entrance,2021/153,2021/420,2023/11 251,2021/21 403.5,2021/1 300,2023/570 000,2020/37 983,2021/270,2020/7 035,2021/1 501,2021/0,2023/891,2022/783,2022/51.3
Orbost,2021/88,2021/478,2023/6 685,2021/1 138 370,2021/1 083,2023/357 500,2020/38 041,2021/190,2020/4 753,2021/690,2021/0.9,2023/784,2022/413 975,2022/54.8
Paynesville,2021/74,2021/107,2023/7 051,2021/41 788.6,2021/1 300,2023/565 000,2020/37 891,2021/310,2020/4 264,2021/1 087,2021/3.2,2023/482,2022/4 852,2022/46.2
Foster,2021/114,2021/148,2023/9 507,2021/149 884.7,2021/1 300,2023/596 000,2020/39 276,2021/250,2020/6 709,2021/1 205,2021/0,2023/1 350,2022/5 459,2022/53.7
French Island,2021/3,2021/0,2023/140,2021/17 022.9,2021/1 800,2023/No data available,2020/21 302,2021/346,2020/61,2021/18,2021/0,2023/24,2022/10 443,2022/52.4
Korumburra,2021/173,2021/149,2023/9 894,2021/60 069.1,2021/1 499,2023/550 000,2020/44 768,2021/280,2020/7 450,2021/1 095,2021/0,2023/1 182,2022/490,2022/59.3
Leongatha,2021/192,2021/116,2023/11 643,2021/80 100.9,2021/1 457,2023/575 000,2020/44 669,2021/270,2020/8 609,2021/1 245,2021/0,2023/1 542,2022/376,2022/56.2
Phillip Island,2021/137,2021/154,2023/14 273,2021/10 057.3,2021/1 517,2023/800 000,2020/38 265,2021/330,2020/8 910,2021/2 360,2021/0,2023/1 211,2022/1 715,2022/55.4
Wilsons Promontory,2021/No data available,2021/0,2023/15,2021/48 150.8,2021/No data available,2023/No data available,2020/73 640,2021/100,2020/16,2021/No data available,2021/0,2023/No data available,2022/48 032,2022/73.3
Wonthaggi - Inverloch,2021/330,2021/404,2023/28 254,2021/72 876.3,2021/1 467,2023/719 000,2020/41 773,2021/298,2020/17 003,2021/3 790,2021/1.2,2023/2 369,2022/1 386,2022/55
Churchill,2021/164,2021/274,2023/12 095,2021/79 652.3,2021/1 300,2023/376 250,2020/49 079,2021/230,2020/8 699,2021/1 276,2021/0,2023/789,2022/1 874,2022/61.9
Moe - Newborough,2021/224,2021/571,2023/17 350,2021/10 528.4,2021/1 083,2023/390 000,2020/47 154,2021/210,2020/10 975,2021/2 283,2021/0.7,2023/772,2018/20,2022/59.6
Morwell,2021/195,2021/595,2023/14 455,2021/8 548.6,2021/953,2023/340 000,2020/43 803,2021/215,2020/8 224,2021/2 309,2021/3.6,2023/882,2022/No data available,2022/59.8
Yallourn North - Glengarry,2021/74,2021/110,2023/4 820,2021/34 270.2,2021/1 300,2023/375 000,2020/52 142,2021/250,2020/3 852,2021/306,2021/0,2023/301,2022/3 199,2022/64.2
Traralgon - East,2021/204,2021/286,2023/12 202,2021/10 833,2021/1 300,2023/485 000,2020/No data available,2021/250,2020/9 050,2021/1 506,2021/3,2023/1 143,2022/27,2022/61
Traralgon - West,2021/277,2021/233,2023/17 082,2021/4 134.3,2021/1 326,2023/489 500,2020/No data available,2021/300,2020/12 302,2021/2 158,2021/0,2023/871,2022/No data available,2022/61.9
Alps - West,2021/No data available,2021/0,2023/23,2021/295 568,2021/1 680,2023/No data available,2020/10 949,2021/20,2020/29,2021/No data available,2021/0,2023/11,2022/181 251,2022/43.5
Longford - Loch Sport,2021/49,2021/82,2023/4 966,2021/161 084.9,2021/1 300,2023/390 000,2020/44 934,2021/200,2020/3 182,2021/659,2021/0,2023/465,2022/40 120,2022/59.9
Maffra,2021/198,2021/301,2023/15 178,2021/253 232,2021/1 300,2023/434 000,2020/46 559,2021/250,2020/11 322,2021/1 211,2021/0,2023/1 466,2022/30 623,2022/58.2
Rosedale,2021/54,2021/150,2023/4 888,2021/96 846,2021/1 300,2023/407 000,2020/47 078,2021/236,2020/3 351,2021/594,2021/0,2023/575,2022/6 306,2022/68
Sale,2021/209,2021/471,2023/15 363,2021/4 560.2,2021/1 300,2023/472 750,2020/49 874,2021/280,2020/10 833,2021/1 938,2021/0.8,2023/1 155,2022/318,2022/59.9
Yarram,2021/59,2021/113,2023/5 580,2021/193 186.3,2021/1 192,2023/421 750,2020/38 845,2021/240,2020/3 993,2021/622,2021/0,2023/624,2022/11 941,2022/56.8
Brunswick East,2021/118,2021/132,2023/13 765,2021/216.8,2021/2 000,2023/1 270 000,2020/63 008,2021/421,2020/14 545,2021/3 838,2021/0,2023/1 187,2022/No data available,2022/82.3
Brunswick West,2021/153,2021/131,2023/15 196,2021/318,2021/2 000,2023/1 278 000,2020/57 450,2021/365,2020/14 880,2021/4 294,2021/3.7,2023/1 023,2022/No data available,2022/75.6
Pascoe Vale South,2021/137,2021/63,2023/10 628,2021/298.9,2021/2 167,2023/1 167 500,2020/61 738,2021/421,2020/8 954,2021/2 372,2021/0,2023/806,2022/No data available,2022/67.4
Brunswick - North,2021/116,2021/110,2023/14 057,2021/240.9,2021/2 167,2023/1 322 500,2020/No data available,2021/431,2020/15 067,2021/3 949,2021/0,2023/1 364,2022/No data available,2022/78.1
Brunswick - South,2021/119,2021/121,2023/14 273,2021/273.3,2021/2 018,2023/1 295 000,2020/No data available,2021/450,2020/15 448,2021/3 929,2021/4,2023/1 783,2022/No data available,2022/81.2
Coburg - East,2021/167,2021/78,2023/13 542,2021/374.7,2021/2 100,2023/1 170 000,2020/No data available,2021/416,2020/12 088,2021/4 034,2021/0,2023/1 533,2022/No data available,2022/73.6
Coburg - West,2021/183,2021/87,2023/14 527,2021/318.8,2021/2 299,2023/1 140 000,2020/No data available,2021/450,2020/13 215,2021/3 839,2021/5.3,2023/898,2022/No data available,2022/69.4
Alphington - Fairfield,2021/124,2021/52,2023/9 491,2021/288.5,2021/2 200,2023/1 945 000,2020/65 222,2021/381,2020/8 775,2021/2 034,2021/0,2023/1 149,2022/No data available,2022/71
Thornbury,,,,,,,,,,,,,,
Northcote - East,2021/181,2021/101,2023/15 558,2021/351.3,2021/2 427,2023/1 761 000,2020/No data available,2021/461,2020/15 334,2021/3 618,2021/0,2023/1 300,2022/No data available,2022/71.3
Northcote - West,2021/118,2021/77,2023/10 731,2021/263.2,2021/2 346,2023/1 537 500,2020/No data available,2021/490,2020/10 048,2021/2 550,2021/4.7,2023/1 046,2022/No data available,2022/73.8
Ascot Vale,2021/255,2021/97,2023/15 728,2021/383.6,2021/2 458,2023/1 317 500,2020/63 855,2021/370,2020/13 940,2021/4 178,2021/0,2023/1 407,2022/No data available,2022/70.1
Flemington,2021/105,2021/82,2023/9 782,2021/158.1,2021/2 000,2023/1 066 500,2020/55 880,2021/324,2020/9 729,2021/3 320,2021/0,2023/839,2022/No data available,2022/76.4
Moonee Ponds,2021/200,2021/72,2023/17 203,2021/435.5,2021/2 167,2023/1 513 000,2020/64 710,2021/400,2020/14 818,2021/4 574,2021/0,2023/1 972,2022/No data available,2022/71
Essendon (West) - Aberfeldie,2021/175,2021/78,2023/16 628,2021/488.9,2021/2 400,2023/1 618 500,2020/No data available,2021/382,2020/15 184,2021/3 774,2021/5.8,2023/1 775,2022/No data available,2022/68.3
Essendon - East,2021/129,2021/65,2023/12 664,2021/355.4,2021/2 167,2023/1 860 000,2020/No data available,2021/371,2020/11 138,2021/3 147,2021/0,2023/1 650,2022/No data available,2022/71.2
Carlton,2021/60,2021/121,2023/21 376,2021/181.9,2021/1 871,2023/1 435 000,2020/40 326,2021/365,2020/15 726,2021/9 091,2021/3.3,2023/2 638,2022/No data available,2022/88.7
Docklands,2021/97,2021/69,2023/17 723,2021/244.4,2021/2 000,2023/1 975 000,2020/58 307,2021/411,2020/16 853,2021/9 514,2021/6,2023/3 214,2022/No data available,2022/86.3
East Melbourne,2021/27,2021/15,2023/5 100,2021/290,2021/2 383,2023/3 494 000,2020/77 804,2021/480,2020/5 357,2021/1 344,2021/0,2023/1 530,2022/No data available,2022/71.9
Flemington Racecourse,2017/4,2021/0,2023/78,2021/170.9,2021/1 772,2023/No data available,2020/57 275,2021/401,2020/136,2021/38,2021/0,2023/30,2022/No data available,2022/98.7
Kensington (Vic.),2021/127,2021/70,2023/11 404,2021/214.7,2021/2 162,2023/1 085 000,2020/70 336,2021/416,2020/11 452,2021/3 330,2021/0,2023/1 061,2022/No data available,2022/75.9
Parkville,2021/33,2021/122,2023/8 003,2021/404.9,2021/2 000,2023/3 000 000,2020/47 865,2021/396,2020/6 730,2021/2 695,2021/0,2023/722,2022/No data available,2022/84.6
South Yarra - West,2021/52,2021/54,2023/6 789,2021/150.3,2021/2 100,2023/4 100 000,2020/69 578,2021/457,2020/7 380,2021/2 104,2021/0,2023/1 438,2022/No data available,2022/69.1
West Melbourne - Industrial,2021/No data available,2021/0,2019/3,2021/619.9,2021/No data available,2023/No data available,2020/90 927,2021/No data available,2020/8,2021/No data available,2021/0,2023/148,2022/No data available,2019/100
Melbourne CBD - East,2021/29,2021/53,2023/12 408,2021/80.2,2021/1 770,2023/No data available,2020/No data available,2021/375,2020/14 095,2021/5 756,2021/0,2023/7 465,2022/No data available,2022/90
Melbourne CBD - North,2021/36,2021/69,2023/21 566,2021/56.2,2021/1 725,2023/No data available,2020/No data available,2021/361,2020/17 716,2021/12 715,2021/0,2023/2 388,2022/No data available,2022/94.4
Melbourne CBD - West,,,,,,,,,,,,,,
North Melbourne,2021/113,2021/141,2023/18 017,2021/242.5,2021/2 035,2023/1 302 500,2020/No data available,2021/381,2020/18 818,2021/6 616,2021/0,2023/2 245,2022/No data available,2022/81.9
Royal Botanic Gardens Victoria,2021/No data available,2021/0,2023/No data available,2021/135.1,2021/No data available,2023/No data available,2020/No data available,2011/100,2020/5,2021/No data available,2021/0,2023/3,2022/No data available,2022/No data available
Southbank (West) - South Wharf,2021/41,2021/39,2023/7 418,2021/85,2021/2 000,2023/No data available,2020/No data available,2021/430,2020/9 391,2021/3 744,2021/13.3,2023/1 736,2022/No data available,2022/85.5
Southbank - East,2021/76,2021/77,2023/18 748,2021/80.4,2021/1 820,2023/No data available,2020/No data available,2021/408,2020/17 458,2021/10 061,2021/0,2023/1 927,2022/No data available,2022/90.3
West Melbourne - Residential,2021/36,2021/89,2023/8 724,2021/82.5,2021/2 135,2023/1 365 000,2020/No data available,2021/390,2020/6 016,2021/4 026,2021/0,2023/1 091,2022/No data available,2022/88.8
Albert Park,2021/158,2021/48,2023/16 861,2021/467.5,2021/2 600,2023/2 585 000,2020/68 933,2021/493,2020/15 531,2021/5 375,2021/0,2023/5 425,2022/No data available,2022/68.4
Elwood,2021/153,2021/60,2023/15 459,2021/255.3,2021/2 300,2023/2 635 000,2020/70 277,2021/415,2020/16 869,2021/3 904,2021/0,2023/1 657,2022/No data available,2022/76.9
Port Melbourne,2021/185,2021/99,2023/16 782,2021/278.9,2021/2 515,2023/2 050 000,2020/78 187,2021/522,2020/14 337,2021/4 645,2021/3.8,2023/2 268,2022/No data available,2022/69
St Kilda East,2021/183,2021/87,2023/16 758,2021/241.4,2021/2 100,2023/1 527 500,2020/61 274,2021/384,2020/20 044,2021/5 068,2021/0,2023/1 575,2022/No data available,2022/78.8
Port Melbourne Industrial,2021/9,2021/17,2023/2 493,2021/764.3,2021/2 279,2023/No data available,2020/No data available,2021/585,2020/1 666,2021/843,2021/30,2023/2 402,2022/No data available,2022/88.1
South Melbourne,2021/133,2021/84,2023/12 512,2021/189,2021/2 217,2023/1 820 000,2020/No data available,2021/421,2020/12 325,2021/4 088,2021/0,2023/4 854,2022/No data available,2022/73.3
St Kilda - Central,2021/71,2021/130,2023/13 186,2021/153.8,2021/1 998,2023/1 662 500,2020/No data available,2021/381,2020/16 943,2021/4 501,2021/4.2,2023/2 017,2022/No data available,2022/83.6
St Kilda - West,2021/82,2021/113,2023/15 480,2021/236.4,2021/2 000,2023/2 217 500,2020/No data available,2021/392,2020/19 646,2021/5 121,2021/0,2023/2 199,2022/No data available,2022/79.5
Armadale,2021/95,2021/28,2023/9 769,2021/218.4,2021/2 479,2023/3 000 000,2020/72 012,2021/421,2020/8 995,2021/2 675,2021/0,2023/1 839,2022/No data available,2022/68.5
Prahran - Windsor,2021/141,2021/115,2023/20 268,2021/290.5,2021/2 200,2023/1 572 500,2020/69 288,2021/421,2020/23 215,2021/6 032,2021/0,2023/3 219,2022/No data available,2022/80.2
Toorak,2021/104,2021/32,2023/13 337,2021/432.3,2021/3 146,2023/4 980 000,2020/74 766,2021/490,2020/11 397,2021/3 975,2021/0,2023/2 851,2022/No data available,2022/61.5
South Yarra - North,2021/69,2021/43,2023/12 938,2021/117,2021/2 000,2023/4 300 000,2020/No data available,2021/426,2020/11 945,2021/4 740,2021/0,2023/2 930,2022/No data available,2022/86.7
South Yarra - South,2021/70,2021/70,2023/10 508,2021/134.8,2021/2 200,2023/1 955 000,2020/No data available,2021/395,2020/11 979,2021/3 556,2021/0,2023/1 823,2022/No data available,2022/78.6
Abbotsford,2021/56,2021/67,2023/10 008,2021/174.1,2021/2 167,2023/1 264 000,2020/67 457,2021/425,2020/10 466,2021/3 089,2021/0,2023/1 738,2022/No data available,2022/82.8
Carlton North - Princes Hill,2021/64,2021/37,2023/8 531,2021/230.4,2021/2 600,2023/1 730 000,2020/60 975,2021/541,2020/9 000,2021/1 848,2021/20,2023/904,2022/No data available,2022/74.3
Collingwood,2021/64,2021/87,2023/10 485,2021/126.7,2021/2 167,2023/1 093 499.5,2020/67 156,2021/425,2020/10 549,2021/3 189,2021/0,2023/2 620,2022/No data available,2022/84
Fitzroy,,,,,,,,,,,,,,
Fitzroy North,2021/103,2021/97,2023/13 382,2021/250.5,2021/2 500,2023/1 725 500,2020/67 265,2021/481,2020/13 376,2021/3 163,2021/3.8,2023/1 371,2022/No data available,2022/72.8
Clifton Hill - Alphington,2021/128,2021/68,2023/10 973,2021/520.9,2021/2 600,2023/2 112 500,2020/71 765,2021/500,2020/9 369,2021/2 121,2021/8.2,2023/1 075,2022/No data available,2022/71.3
Richmond (South) - Cremorne,2021/138,2021/133,2023/18 684,2021/428.9,2021/2 500,2023/1 606 440,2020/No data available,2021/508,2020/19 398,2021/4 236,2021/11.4,2023/4 610,2022/No data available,2022/80.3
Richmond - North,2021/106,2021/83,2023/14 884,2021/192.3,2021/2 047,2023/1 237 500,2020/No data available,2021/400,2020/14 907,2021/5 129,2021/0,2023/2 169,2022/No data available,2022/80.4
Ashburton (Vic.),2021/127,2021/36,2023/8 160,2021/283.7,2021/3 000,2023/1 970 000,2020/64 056,2021/455,2020/6 079,2021/2 226,2021/0,2023/818,2022/No data available,2022/63.8
Balwyn,2021/151,2021/40,2023/16 725,2021/558.5,2021/3 000,2023/3 030 000,2020/51 703,2021/461,2020/12 465,2021/7 133,2021/0,2023/2 699,2022/No data available,2022/62
Balwyn North,2021/204,2021/53,2023/21 883,2021/884.9,2021/3 102,2023/2 391 000,2020/53 053,2021/554,2020/15 686,2021/9 151,2021/0,2023/3 021,2022/No data available,2022/64.6
Camberwell,2021/264,2021/46,2023/21 813,2021/729.2,2021/3 000,2023/2 710 888,2020/61 715,2021/490,2020/17 660,2021/6 611,2021/0,2023/3 067,2022/No data available,2022/63.1
Glen Iris - East,2021/213,2021/41,2023/17 228,2021/570.5,2021/3 000,2023/2 500 000,2020/67 321,2021/522,2020/14 264,2021/4 455,2021/0,2023/2 167,2022/No data available,2022/64.7
Hawthorn East,2021/173,2021/57,2023/16 878,2021/382.4,2021/2 492,2023/3 262 500,2020/61 319,2021/411,2020/14 730,2021/4 845,2021/0,2023/3 117,2022/No data available,2022/71.3
Kew East,2021/82,2021/21,2023/6 636,2021/401.5,2021/3 000,2023/2 175 500,2020/60 329,2021/466,2020/5 590,2021/1 815,2021/28.6,2023/1 034,2022/No data available,2022/65.2
Surrey Hills (West) - Canterbury,2021/151,2021/43,2023/16 182,2021/570.3,2021/3 150,2023/2 732 500,2020/64 023,2021/475,2020/13 148,2021/4 529,2021/0,2023/2 461,2022/No data available,2022/62.5
Hawthorn - North,2021/103,2021/32,2023/10 560,2021/245.6,2021/2 800,2023/2 400 000,2020/No data available,2021/401,2020/10 387,2021/2 462,2021/0,2023/1 679,2022/No data available,2022/73.1
Hawthorn - South,2021/117,2021/28,2023/12 921,2021/321.6,2021/2 100,2023/3 507 000,2020/No data available,2021/400,2020/11 883,2021/3 693,2021/0,2023/2 090,2022/No data available,2022/75.3
Kew - South,2021/113,2021/64,2023/12 113,2021/432.4,2021/3 050,2023/3 350 000,2020/No data available,2021/501,2020/10 181,2021/3 520,2021/18.2,2023/2 002,2022/No data available,2022/65.4
Kew - West,2021/127,2021/52,2023/13 438,2021/621.1,2021/3 000,2023/2 820 000,2020/No data available,2021/456,2020/11 382,2021/3 997,2021/0,2023/1 943,2022/No data available,2022/66.7
Bulleen,2021/141,2021/35,2023/11 647,2021/667.1,2021/2 400,2023/1 360 000,2020/51 507,2021/460,2020/8 504,2021/4 639,2021/0,2023/1 311,2022/No data available,2022/61.9
Doncaster,2021/300,2021/69,2023/26 905,2021/877.4,2021/2 167,2023/1 500 500,2020/42 538,2021/450,2020/18 002,2021/13 557,2021/0,2023/3 055,2022/No data available,2022/64.8
Templestowe,2021/207,2021/34,2023/17 457,2021/1 611.8,2021/2 700,2023/1 612 000,2020/50 147,2021/513,2020/12 281,2021/7 221,2021/0,2023/2 370,2022/No data available,2022/59.4
Templestowe Lower,2021/187,2021/41,2023/14 445,2021/593.9,2021/2 500,2023/1 391 000,2020/49 423,2021/475,2020/9 815,2021/5 646,2021/0,2023/1 376,2022/No data available,2022/59.3
Doncaster East - North,2021/187,2021/31,2023/16 178,2021/640.3,2021/2 400,2023/1 620 000,2020/45 363,2021/497,2020/11 401,2021/7 968,2021/0,2023/1 632,2022/No data available,2022/60.6
Doncaster East - South,2021/272,2021/19,2023/16 300,2021/476.8,2021/2 383,2023/1 520 000,2020/43 713,2021/460,2020/10 562,2021/8 211,2021/0,2023/1 826,2022/No data available,2022/60.7
Blackburn,2021/296,2021/67,2023/22 928,2021/860.8,2021/2 300,2023/1 385 000,2020/53 343,2021/420,2020/18 137,2021/7 425,2021/0,2023/2 568,2022/No data available,2022/65.7
Blackburn South,2021/153,2021/41,2023/11 047,2021/359.7,2021/2 251,2023/1 292 500,2020/49 401,2021/410,2020/8 164,2021/4 026,2021/0,2023/939,2022/No data available,2022/61.7
Box Hill,2021/214,2021/81,2023/25 286,2021/701.2,2021/2 088,2023/1 559 000,2020/39 083,2021/391,2020/18 318,2021/12 172,2021/4.5,2023/3 551,2022/No data available,2022/73.5
Box Hill North,2021/233,2021/74,2023/19 021,2021/620.9,2021/2 491,2023/1 390 100,2020/49 276,2021/438,2020/14 459,2021/7 838,2021/0,2023/1 831,2022/No data available,2022/66.7
Burwood (Vic.),2021/122,2021/60,2023/14 001,2021/503.9,2021/2 457,2023/1 393 000,2020/37 905,2021/401,2020/10 609,2021/5 912,2021/0,2023/1 347,2022/No data available,2022/73.2
Burwood East,2021/125,2021/19,2023/11 885,2021/426.3,2021/2 147,2023/1 250 434,2020/42 228,2021/439,2020/8 283,2021/5 558,2021/0,2023/1 139,2022/No data available,2022/64.6
Surrey Hills (East) - Mont Albert,2021/121,2021/37,2023/10 645,2021/332.8,2021/2 600,2023/2 210 000,2020/60 982,2021/462,2020/8 611,2021/3 037,2021/0,2023/1 109,2022/No data available,2022/65
Beaumaris,2021/158,2021/32,2023/14 227,2021/596.8,2021/3 000,2023/2 005 000,2020/59 622,2021/612,2020/10 741,2021/3 302,2021/0,2023/1 476,2022/No data available,2022/59.6
Brighton (Vic.),2021/226,2021/68,2023/23 547,2021/820,2021/3 467,2023/3 298 000,2020/69 865,2021/600,2020/18 066,2021/6 169,2021/5,2023/4 258,2022/No data available,2022/59.5
Brighton East,2021/232,2021/26,2023/17 045,2021/560.8,2021/3 335,2023/2 327 500,2020/63 091,2021/602,2020/12 463,2021/4 829,2021/0,2023/1 870,2022/No data available,2022/61.3
Highett (West) - Cheltenham,2021/218,2021/52,2023/12 764,2021/532,2021/2 500,2023/1 480 000,2020/63 609,2021/450,2020/9 936,2021/3 449,2021/0,2023/1 683,2022/No data available,2022/65.3
Hampton,2021/238,2021/68,2023/18 828,2021/568.5,2021/3 000,2023/2 125 000,2020/64 024,2021/471,2020/14 734,2021/5 005,2021/0,2023/2 056,2022/No data available,2022/64.8
Sandringham - Black Rock,2021/174,2021/63,2023/17 861,2021/643,2021/2 800,2023/2 217 500,2020/64 524,2021/486,2020/13 592,2021/4 410,2021/11.8,2023/2 048,2022/No data available,2022/60.5
Bentleigh - McKinnon,2021/352,2021/65,2023/26 178,2021/622.4,2021/2 500,2023/1 751 000,2020/59 107,2021/491,2020/20 101,2021/9 046,2021/0,2023/2 656,2022/No data available,2022/66.2
Carnegie,2021/247,2021/64,2023/20 080,2021/380.5,2021/2 025,2023/1 680 000,2020/56 595,2021/395,2020/17 277,2021/7 939,2021/0,2023/1 706,2022/No data available,2022/71.9
Caulfield - North,2021/337,2021/81,2023/23 932,2021/641.9,2021/2 500,2023/2 485 000,2020/61 580,2021/426,2020/19 927,2021/7 709,2021/0,2023/3 622,2022/No data available,2022/65.4
Caulfield - South,2021/248,2021/24,2023/18 653,2021/474.3,2021/2 798,2023/1 850 000,2020/59 165,2021/483,2020/15 304,2021/6 679,2021/0,2023/2 445,2022/No data available,2022/62.1
Elsternwick,2021/163,2021/37,2023/12 455,2021/286.2,2021/2 447,2023/2 410 000,2020/64 851,2021/426,2020/11 218,2021/3 452,2021/0,2023/1 624,2022/No data available,2022/66.8
Hughesdale,2021/82,2021/30,2023/7 933,2021/201,2021/2 167,2023/1 480 000,2020/57 091,2021/416,2020/6 480,2021/2 947,2021/0,2023/630,2022/No data available,2022/70
Murrumbeena,2021/134,2021/26,2023/9 781,2021/251.5,2021/2 200,2023/1 608 888,2020/58 008,2021/390,2020/8 449,2021/3 139,2021/0,2023/845,2022/No data available,2022/69.9
Ormond - Glen Huntly,2021/162,2021/43,2023/14 038,2021/293.7,2021/2 153,2023/1 805 000,2020/57 286,2021/391,2020/13 023,2021/5 481,2021/0,2023/1 286,2022/No data available,2022/72.1
Bentleigh East - North,2021/263,2021/62,2023/17 258,2021/459.9,2021/2 500,2023/1 507 500,2020/57 987,2021/508,2020/12 481,2021/6 068,2021/5.8,2023/1 587,2022/No data available,2022/65.1
Bentleigh East - South,2021/240,2021/71,2023/14 462,2021/458.8,2021/2 512,2023/1 350 000,2020/58 178,2021/490,2020/10 883,2021/4 613,2021/0,2023/1 198,2022/No data available,2022/63.7
Aspendale Gardens - Waterways,2021/118,2021/34,2023/9 012,2021/530.7,2021/2 115,2023/1 152 500,2020/55 232,2021/510,2020/7 203,2021/3 107,2021/0,2023/701,2022/No data available,2022/66.3
Braeside,2021/No data available,2021/0,2023/28,2021/908.2,2021/1 998,2023/No data available,2020/69 291,2021/504,2020/143,2021/13,2021/0,2023/1 383,2022/No data available,2022/78.6
Carrum - Patterson Lakes,2021/159,2021/97,2023/12 352,2021/582.4,2021/2 100,2023/1 230 000,2020/56 861,2021/420,2020/9 502,2021/2 979,2021/0,2023/1 102,2022/No data available,2022/63.2
Chelsea - Bonbeach,2021/265,2021/127,2023/15 601,2021/542.3,2021/2 065,2023/1 100 000,2020/58 489,2021/381,2020/11 759,2021/3 580,2021/0,2023/932,2022/No data available,2022/63.8
Chelsea Heights,2021/91,2021/31,2023/5 379,2021/319.6,2021/2 001,2023/898 500,2020/54 960,2021/412,2020/4 177,2021/1 346,2021/0,2023/390,2022/No data available,2022/61.8
Highett (East) - Cheltenham ,2021/363,2021/126,2023/25 282,2021/873.8,2021/2 167,2023/1 222 500,2020/56 743,2021/421,2020/19 433,2021/7 546,2021/0,2023/3 006,2022/No data available,2022/63.8
Edithvale - Aspendale,2021/208,2021/86,2023/13 915,2021/510,2021/2 200,2023/1 317 500,2020/61 332,2021/440,2020/10 958,2021/2 606,2021/0,2023/971,2022/No data available,2022/65
Mentone,2021/162,2021/65,2023/13 727,2021/445,2021/2 167,2023/1 447 500,2020/59 486,2021/392,2020/11 229,2021/3 764,2021/0,2023/1 258,2022/No data available,2022/64.2
Moorabbin - Heatherton,2021/159,2021/35,2023/9 426,2021/1 170,2021/2 300,2023/1 200 000,2020/56 002,2021/440,2020/7 520,2021/3 173,2021/0,2023/2 541,2022/No data available,2022/64.3
Moorabbin Airport,2021/No data available,2021/0,2023/26,2021/307.6,2021/No data available,2023/No data available,2020/56 708,2021/486,2020/12,2021/20,2021/0,2023/102,2022/No data available,2022/100
Mordialloc - Parkdale,2021/275,2021/129,2023/21 889,2021/796.8,2021/2 253,2023/1 357 500,2020/62 092,2021/400,2020/17 306,2021/5 146,2021/0,2023/2 175,2022/No data available,2022/65.1
Malvern - Glen Iris,2021/222,2021/68,2023/21 348,2021/615.5,2021/2 800,2023/2 880 000,2020/70 298,2021/410,2020/18 362,2021/5 363,2021/0,2023/3 451,2022/No data available,2022/66.1
Malvern East,2021/261,2021/74,2023/23 167,2021/756.7,2021/2 944,2023/2 222 500,2020/61 126,2021/421,2020/18 899,2021/6 493,2021/0,2023/2 795,2022/No data available,2022/67.8
Bundoora - East,2021/134,2021/107,2023/10 024,2021/407.5,2021/2 013,2023/850 000,2020/49 030,2021/385,2020/7 668,2021/3 034,2021/0,2023/915,2022/No data available,2022/63.9
Greensborough,2021/338,2021/139,2023/20 980,2021/1 009.7,2021/2 167,2023/1 010 000,2020/58 971,2021/400,2020/16 556,2021/4 151,2021/3.4,2023/1 600,2022/2,2022/61.4
Heidelberg - Rosanna,2021/250,2021/77,2023/16 598,2021/637.2,2021/2 300,2023/1 300 000,2020/61 975,2021/401,2020/12 581,2021/4 365,2021/0,2023/1 579,2022/No data available,2022/63.6
Heidelberg West,2021/216,2021/262,2023/15 847,2021/669.1,2021/2 059,2023/865 000,2020/51 092,2021/353,2020/12 360,2021/4 530,2021/4.4,2023/1 791,2022/No data available,2022/70.9
Ivanhoe,2021/151,2021/49,2023/12 924,2021/505,2021/2 500,2023/1 710 000,2020/64 964,2021/440,2020/10 842,2021/3 329,2021/0,2023/1 339,2022/No data available,2022/66.6
Ivanhoe East - Eaglemont,2021/86,2021/17,2023/7 977,2021/427.7,2021/3 000,2023/2 350 000,2020/67 903,2021/451,2020/6 659,2021/1 702,2021/0,2023/1 119,2022/No data available,2022/63.6
Montmorency - Briar Hill,,,,,,,,,,,,,,
Viewbank - Yallambie,2021/306,2021/173,2023/19 039,2021/1 023.8,2021/2 200,2023/1 057 500.5,2020/58 806,2021/400,2020/14 025,2021/4 975,2021/4.9,2023/1 058,2022/No data available,2022/61.5
Watsonia,2021/152,2021/70,2023/9 361,2021/378.6,2021/2 037,2023/840 000,2020/58 876,2021/390,2020/7 114,2021/1 987,2021/7.9,2023/565,2022/No data available,2022/62.8
Kingsbury,2021/77,2021/95,2023/11 698,2021/900.9,2021/2 000,2023/850 000,2020/44 240,2021/369,2020/9 154,2021/4 315,2021/3.8,2023/830,2022/104,2022/74.8
Preston - East,2021/252,2021/273,2023/22 012,2021/774.6,2021/2 000,2023/1 107 500,2020/54 282,2021/391,2020/19 085,2021/6 995,2021/5.2,2023/2 789,2022/No data available,2022/73.6
Preston - West,2021/194,2021/104,2023/13 149,2021/356.8,2021/2 144,2023/1 200 000,2020/56 530,2021/400,2020/11 553,2021/3 789,2021/9,2023/908,2022/No data available,2022/69.6
Reservoir - North East,2021/180,2021/310,2023/15 463,2021/478.8,2021/1 863,2023/817 500,2020/No data available,2021/358,2020/12 196,2021/5 609,2021/5.4,2023/1 006,2022/No data available,2022/70.9
Reservoir - North West,2021/136,2021/84,2023/9 809,2021/453,2021/2 000,2023/870 000,2020/No data available,2021/371,2020/7 896,2021/3 741,2021/0,2023/800,2022/No data available,2022/59.6
Reservoir - South East,2021/160,2021/227,2023/13 429,2021/417.8,2021/1 967,2023/900 000,2020/No data available,2021/349,2020/10 782,2021/4 447,2021/6.5,2023/916,2022/No data available,2022/67.8
Reservoir - South West,2021/194,2021/227,2023/14 728,2021/562.5,2021/2 020,2023/969 000,2020/No data available,2021/361,2020/11 319,2021/4 481,2021/5.3,2023/1 333,2022/No data available,2022/70.1
Eltham,2021/404,2021/154,2023/23 509,2021/1 948.8,2021/2 297,2023/1 197 500,2020/60 025,2021/446,2020/19 249,2021/4 301,2021/0,2023/2 275,2022/28,2022/62.6
Hurstbridge,2021/51,2021/31,2023/3 529,2021/1 484.2,2021/2 000,2023/902 500,2020/55 236,2021/420,2020/3 042,2021/425,2021/0,2023/362,2022/7,2022/64.5
Kinglake,2021/63,2021/94,2023/4 353,2021/31 950.4,2021/1 811,2023/700 000,2020/50 564,2021/306,2020/3 277,2021/414,2021/6.1,2023/431,2022/5 234,2022/67.4
Panton Hill - St Andrews,2021/54,2021/51,2023/5 129,2021/29 219.8,2021/2 200,2023/1 032 500,2020/50 419,2021/300,2020/4 198,2021/621,2021/0,2023/685,2022/7 377,2022/64.1
Plenty - Yarrambat,2021/133,2021/45,2023/9 570,2021/2 911.7,2021/2 272,2023/1 113 500,2020/59 405,2021/480,2020/7 788,2021/1 839,2021/0,2023/1 070,2022/No data available,2022/64.9
Research - North Warrandyte,2021/90,2021/37,2023/6 979,2021/4 979.5,2021/2 500,2023/1 100 000,2020/58 942,2021/462,2020/5 662,2021/1 004,2021/13.5,2023/844,2022/179,2022/64.6
Wattle Glen - Diamond Creek,2021/217,2021/119,2023/14 548,2021/2 682.5,2021/2 167,2023/950 000,2020/59 703,2021/429,2020/12 239,2021/2 096,2021/0,2023/1 182,2022/17,2022/66.7
Bundoora - North,2021/89,2021/67,2023/7 773,2021/471.5,2021/2 000,2023/915 000,2020/49 125,2021/381,2020/6 016,2021/2 763,2021/0,2023/953,2022/No data available,2022/72.8
Bundoora - West,2021/87,2021/86,2023/6 538,2021/256,2021/1 900,2023/815 000,2020/45 748,2021/380,2020/4 867,2021/2 682,2021/11.4,2023/566,2022/No data available,2022/64.2
Mill Park - North,2021/236,2021/197,2023/17 449,2021/813.6,2021/1 764,2023/775 000,2020/51 705,2021/365,2020/14 774,2021/6 176,2021/3.6,2023/1 456,2022/No data available,2022/68.6
Mill Park - South,2021/143,2021/132,2023/11 288,2021/493,2021/1 733,2023/750 000,2020/50 090,2021/369,2020/9 041,2021/4 173,2021/0,2023/729,2022/No data available,2022/67.3
Thomastown,2021/267,2021/188,2023/20 197,2021/1 468.5,2021/1 700,2023/697 500,2020/44 316,2021/350,2020/14 567,2021/10 306,2021/2,2023/3 337,2022/No data available,2022/62.9
Wallan,2021/493,2021/568,2023/26 304,2021/50 774.6,2021/1 800,2023/630 000,2020/55 547,2021/361,2020/16 233,2021/4 270,2021/0.7,2023/1 955,2022/7 065,2022/66.1
Whittlesea,,,,,,,,,,,,,,
Epping - East,2021/210,2021/173,2023/13 354,2021/776.9,2021/1 708,2023/665 000,2020/50 749,2021/360,2020/9 847,2021/4 471,2021/2.9,2023/849,2022/No data available,2022/65.8
Epping - South,2021/98,2021/130,2023/8 301,2021/1 587.1,2021/1 500,2023/672 000,2020/45 867,2021/350,2020/6 327,2021/3 424,2021/0,2023/1 217,2022/177,2022/66.4
Epping (Vic.) - West,2021/276,2021/85,2023/12 699,2021/735.7,2021/1 820,2023/670 000,2020/51 111,2021/381,2020/8 990,2021/5 482,2021/4.4,2023/1 401,2022/No data available,2022/68
South Morang - North,2021/222,2021/103,2023/12 879,2021/1 370.9,2021/1 950,2023/750 000,2020/56 619,2021/400,2020/10 272,2021/3 909,2021/0,2023/966,2022/8,2022/69.8
South Morang - South,2021/181,2021/119,2023/12 588,2021/774.5,2021/1 787,2023/720 500,2020/54 365,2021/380,2020/9 989,2021/3 959,2021/0,2023/894,2022/No data available,2022/67.7
Wollert,2021/630,2021/178,2023/30 758,2021/5 389.2,2021/2 000,2023/700 000,2020/51 609,2021/391,2020/14 489,2021/12 188,2021/0,2023/2 698,2022/279,2022/66.2
Doreen - North,2021/358,2021/255,2023/17 110,2021/943.9,2021/2 000,2023/745 000,2020/No data available,2021/400,2020/13 399,2021/2 848,2021/2.3,2023/1 035,2022/12,2022/64.6
Doreen - South,2021/175,2021/180,2023/11 494,2021/502.2,2021/2 000,2023/690 750,2020/No data available,2021/386,2020/6 576,2021/2 512,2021/5.2,2023/638,2022/No data available,2022/66
Lalor - East,2021/158,2021/116,2023/9 963,2021/332.3,2021/1 663,2023/650 000,2020/No data available,2021/350,2020/7 012,2021/4 945,2021/0,2023/834,2022/No data available,2022/64.1
Lalor - West,2021/201,2021/115,2023/13 819,2021/873.6,2021/1 876,2023/675 000,2020/No data available,2021/366,2020/8 892,2021/6 189,2021/6.7,2023/1 161,2022/No data available,2022/63.4
Mernda - North,,,,,,,,,,,,,,
Mernda - South,2021/245,2021/178,2023/13 024,2021/862.7,2021/1 950,2023/660 000,2020/No data available,2021/390,2020/8 642,2021/4 268,2021/0,2023/852,2022/No data available,2022/67.3
Airport West,2021/136,2021/50,2023/8 464,2021/371.9,2021/2 085,2023/890 000,2020/60 083,2021/401,2020/6 565,2021/2 054,2021/0,2023/968,2022/No data available,2022/64
Essendon Airport,2021/No data available,2021/0,2023/14,2021/335.5,2021/No data available,2023/No data available,2020/39 293,2021/No data available,2020/23,2021/8,2021/0,2023/160,2022/No data available,2022/100
Keilor,2021/118,2021/39,2023/8 562,2021/1 751.2,2021/2 019,2023/890 000,2020/55 777,2021/396,2020/6 575,2021/2 083,2021/0,2023/2 685,2022/No data available,2022/58.6
Niddrie - Essendon West,2021/113,2021/33,2023/7 797,2021/280.3,2021/2 400,2023/1 140 000,2020/61 999,2021/435,2020/6 189,2021/1 538,2021/0,2023/851,2022/No data available,2022/67.3
Strathmore,2021/110,2021/69,2023/10 323,2021/414.4,2021/2 500,2023/1 465 000,2020/62 589,2021/450,2020/8 261,2021/1 943,2021/8.3,2023/927,2022/No data available,2022/64.6
Avondale Heights,2021/175,2021/54,2023/12 570,2021/540.9,2021/2 167,2023/950 000,2020/No data available,2021/400,2020/8 566,2021/4 926,2021/0,2023/960,2022/No data available,2022/57.4
Keilor East,2021/219,2021/60,2023/15 312,2021/548.3,2021/2 167,2023/960 000,2020/No data available,2021/408,2020/10 737,2021/4 363,2021/0,2023/1 156,2022/No data available,2022/60.5
Gisborne,2021/299,2021/165,2023/14 905,2021/21 105.7,2021/2 167,2023/965 000,2020/59 654,2021/430,2020/10 689,2021/1 835,2021/3.8,2023/1 465,2022/3 841,2022/61.4
Macedon,2021/59,2021/19,2023/3 590,2021/7 299,2021/2 492,2023/1 297 500,2020/61 638,2021/361,2020/2 650,2021/524,2021/31.6,2023/389,2022/23,2022/57.8
Riddells Creek,2021/58,2021/47,2023/4 561,2021/8 335,2021/2 000,2023/840 000,2020/56 191,2021/400,2020/3 511,2021/501,2021/0,2023/417,2022/604,2022/63.5
Romsey,2021/186,2021/167,2023/11 268,2021/62 471,2021/1 928,2023/750 000,2020/53 594,2021/365,2020/8 232,2021/1 111,2021/0,2023/1 139,2022/309,2022/63.2
Coburg North,2021/132,2021/91,2023/8 826,2021/487.8,2021/2 167,2023/895 000,2020/55 518,2021/401,2020/7 250,2021/2 590,2021/0,2023/1 363,2022/No data available,2022/68.8
Fawkner,2021/240,2021/60,2023/14 707,2021/508.5,2021/1 880,2023/755 000,2020/43 312,2021/380,2020/10 236,2021/6 328,2021/0,2023/1 431,2022/No data available,2022/63.9
Gowanbrae,2021/43,2021/9,2023/3 191,2021/152.3,2021/2 000,2023/807 000,2020/59 771,2021/423,2020/2 411,2021/762,2021/0,2023/207,2022/No data available,2022/64.8
Hadfield,2021/120,2021/43,2023/6 525,2021/305,2021/2 000,2023/870 000,2020/52 379,2021/376,2020/4 284,2021/2 024,2021/0,2023/475,2022/No data available,2022/63.9
Glenroy - East,2021/243,2021/109,2023/15 431,2021/624.7,2021/1 885,2023/795 000,2020/No data available,2021/369,2020/13 214,2021/6 137,2021/0,2023/1 307,2022/No data available,2022/67.8
Glenroy - West,2021/139,2021/58,2023/9 349,2021/261.1,2021/1 980,2023/815 000,2020/No data available,2021/369,2020/7 519,2021/4 035,2021/0,2023/768,2022/No data available,2022/71.3
Oak Park,2021/116,2021/51,2023/8 289,2021/235.3,2021/2 167,2023/1 002 000,2020/No data available,2021/401,2020/6 833,2021/2 771,2021/0,2023/545,2022/No data available,2022/71.2
Pascoe Vale,2021/263,2021/119,2023/17 934,2021/463.1,2021/2 100,2023/1 020 000,2020/No data available,2021/400,2020/15 416,2021/5 184,2021/2.9,2023/1 297,2022/No data available,2022/69.3
Sunbury,2021/176,2021/214,2023/14 231,2021/12 954.9,2021/1 789,2023/670 000,2020/56 488,2021/371,2020/10 829,2021/2 171,2021/0,2023/910,2022/9,2022/66.6
Diggers Rest,2021/46,2021/87,2023/6 443,2021/5 189.2,2021/1 800,2023/662 500,2020/No data available,2021/396,2020/2 175,2021/1 237,2021/0,2023/351,2022/2,2022/70.4
Sunbury - South,2021/254,2021/192,2023/16 043,2021/4 145,2021/1 800,2023/691 000,2020/No data available,2021/351,2020/12 013,2021/2 843,2021/0,2023/1 176,2022/105,2022/63.7
Sunbury - West,,,,,,,,,,,,,,
Broadmeadows,2021/192,2021/213,2023/14 343,2021/882.7,2021/1 419,2023/570 000,2020/36 715,2021/331,2020/9 480,2021/6 684,2021/0,2023/1 599,2022/No data available,2022/67.6
Campbellfield - Coolaroo,2021/248,2021/160,2023/16 220,2021/1 818.7,2021/1 500,2023/525 000,2020/37 678,2021/330,2020/9 083,2021/7 345,2021/4.2,2023/3 913,2022/53,2022/62.6
Gladstone Park - Westmeadows,,,,,,,,,,,,,,
Greenvale - Bulla,2021/370,2021/118,2023/24 613,2021/9 590.6,2021/2 167,2023/877 500,2020/55 286,2021/430,2020/15 684,2021/7 352,2021/0,2023/2 270,2022/53,2022/67.7
Meadow Heights,2021/239,2021/164,2023/14 879,2021/462.5,2021/1 460,2023/560 000,2020/40 034,2021/346,2020/8 304,2021/6 881,2021/7.9,2023/1 091,2022/No data available,2022/66
Melbourne Airport,2021/No data available,2021/0,2023/130,2021/3 038.5,2021/985,2023/No data available,2020/43 082,2021/250,2020/122,2021/26,2021/0,2023/94,2022/No data available,2022/86.2
Tullamarine,2021/93,2021/49,2023/6 582,2021/386,2021/1 733,2023/730 000,2020/53 649,2021/351,2020/5 022,2021/2 217,2021/0,2023/847,2022/No data available,2022/64.8
Craigieburn - Central,,,,,,,,,,,,,,
Craigieburn - North,2021/227,2021/104,2023/12 685,2021/1 335.1,2021/1 842,2023/665 000,2020/51 494,2021/371,2020/9 507,2021/5 586,2021/0,2023/1 082,2022/13,2022/69.1
Craigieburn - South,2021/439,2021/174,2023/23 482,2021/1 191.4,2021/1 900,2023/660 000,2020/48 754,2021/375,2020/14 995,2021/10 200,2021/2.2,2023/2 226,2022/3,2022/68.4
Mickleham - Yuroke,2021/592,2021/227,2023/31 976,2021/7 083.6,2021/2 000,2023/660 000,2020/No data available,2021/400,2020/13 467,2021/10 628,2021/2.8,2023/2 956,2022/133,2022/67.3
Craigieburn - North West,2021/214,2021/53,2023/10 765,2021/192,2021/1 907,2023/623 750,2020/No data available,2021/396,2020/5 809,2021/5 596,2021/0,2023/1 092,2022/No data available,2022/65.5
Craigieburn - West,2021/334,2021/68,2023/14 250,2021/408.9,2021/1 900,2023/664 000,2020/No data available,2021/381,2020/9 059,2021/7 159,2021/0,2023/1 374,2022/No data available,2022/65.8
Roxburgh Park (South) - Somerton,2021/137,2021/38,2023/9 683,2021/887.6,2021/1 647,2023/625 000,2020/No data available,2021/375,2020/6 562,2021/4 640,2021/0,2023/1 263,2022/No data available,2022/71.2
Roxburgh Park - North,2021/171,2021/86,2023/15 185,2021/341.4,2021/1 750,2023/660 000,2020/No data available,2021/395,2020/8 186,2021/7 670,2021/0,2023/1 187,2022/No data available,2022/68.2
Bayswater,2021/156,2021/154,2023/13 029,2021/804.4,2021/1 827,2023/845 000,2020/50 974,2021/376,2020/10 205,2021/4 417,2021/0,2023/2 095,2022/No data available,2022/66.1
Knoxfield - Scoresby,,,,,,,,,,,,,,
Lysterfield,2021/85,2021/41,2023/6 573,2021/1 849.4,2021/2 200,2023/1 309 250,2020/58 064,2021/435,2020/5 672,2021/1 501,2021/0,2023/640,2022/No data available,2022/70.2
Rowville - Central,2021/221,2021/105,2023/15 702,2021/820,2021/2 000,2023/1 030 000,2020/53 556,2021/425,2020/12 876,2021/5 672,2021/0,2023/1 337,2022/No data available,2022/67
Rowville - North,2021/123,2021/29,2023/7 847,2021/416.9,2021/2 156,2023/1 080 000,2020/54 817,2021/450,2020/6 458,2021/2 456,2021/0,2023/759,2022/No data available,2022/66.1
Rowville - South,2021/116,2021/33,2023/10 479,2021/935.3,2021/2 062,2023/1 080 711,2020/54 292,2021/471,2020/9 035,2021/3 651,2021/0,2023/875,2022/No data available,2022/67.1
Wantirna,2021/221,2021/70,2023/14 519,2021/830.6,2021/2 167,2023/1 140 000,2020/49 487,2021/427,2020/10 976,2021/5 687,2021/0,2023/1 103,2022/No data available,2022/60.3
Wantirna South,2021/216,2021/76,2023/18 164,2021/1 335.6,2021/2 100,2023/1 132 000,2020/48 547,2021/426,2020/14 354,2021/7 978,2021/0,2023/1 639,2022/No data available,2022/61.5
Boronia,2021/380,2021/244,2023/24 196,2021/1 126.3,2021/1 869,2023/829 100,2020/52 664,2021/376,2020/18 268,2021/6 393,2021/1.5,2023/1 715,2022/No data available,2022/64.7
Ferntree Gully - North,2021/211,2021/162,2023/14 385,2021/698.5,2021/1 889,2023/815 000,2020/52 898,2021/370,2020/11 046,2021/3 386,2021/0,2023/949,2022/2,2022/63.3
Ferntree Gully (South) - Upper Ferntree Gully,2021/233,2021/119,2023/15 571,2021/915,2021/1 950,2023/850 000,2020/53 005,2021/405,2020/12 627,2021/3 879,2021/0,2023/1 324,2022/2,2022/66.1
The Basin,2021/85,2021/48,2023/4 316,2021/571.6,2021/1 950,2023/825 000,2020/54 926,2021/366,2020/3 579,2021/674,2021/0,2023/289,2022/13,2022/65.2
Donvale - Park Orchards,2021/176,2021/65,2023/16 511,2021/2 080.3,2021/2 582,2023/1 525 000,2020/52 567,2021/451,2020/12 669,2021/5 048,2021/5.1,2023/1 888,2022/10,2022/61.7
Warrandyte - Wonga Park,2021/92,2021/50,2023/10 139,2021/4 575.9,2021/2 300,2023/1 380 000,2020/58 489,2021/481,2020/8 325,2021/1 902,2021/0,2023/1 341,2022/764,2022/64
Bayswater North,2021/177,2021/91,2023/11 921,2021/990.9,2021/1 849,2023/870 000,2020/54 585,2021/361,2020/9 670,2021/2 612,2021/6.3,2023/1 490,2022/2,2022/66.9
Croydon Hills - Warranwood,2021/286,2021/149,2023/18 326,2021/949.2,2021/2 167,2023/1 110 750,2020/56 783,2021/431,2020/15 165,2021/3 505,2021/0,2023/1 313,2022/19,2022/65.8
Ringwood,2021/293,2021/116,2023/19 317,2021/991.1,2021/2 000,2023/990 900,2020/51 776,2021/381,2020/14 887,2021/6 611,2021/6.8,2023/2 155,2022/No data available,2022/66.4
Ringwood East,2021/305,2021/173,2023/21 461,2021/939.3,2021/2 100,2023/1 023 975,2020/54 648,2021/385,2020/16 703,2021/5 379,2021/0,2023/1 437,2022/5,2022/64.3
Ringwood North,2021/148,2021/44,2023/9 700,2021/473.1,2021/2 200,2023/1 115 000,2020/55 931,2021/436,2020/7 632,2021/2 194,2021/0,2023/782,2022/No data available,2022/61.6
Croydon - East,2021/296,2021/130,2023/16 594,2021/809.8,2021/1 885,2023/860 000,2020/53 290,2021/371,2020/12 360,2021/4 039,2021/5.2,2023/1 172,2022/No data available,2022/64.4
Croydon - West,2021/245,2021/88,2023/14 605,2021/679.8,2021/2 078,2023/940 000,2020/51 778,2021/399,2020/10 684,2021/3 526,2021/0,2023/1 005,2022/No data available,2022/59.4
Croydon South,2021/84,2021/50,2023/5 046,2021/285.6,2021/2 000,2023/862 800,2020/55 331,2021/410,2020/3 818,2021/1 003,2021/0,2023/614,2022/No data available,2022/63.6
Forest Hill,2021/138,2021/39,2023/11 023,2021/407,2021/2 123,2023/1 150 000,2020/48 184,2021/396,2020/8 227,2021/4 557,2021/18.2,2023/888,2022/No data available,2022/62.3
Mitcham (Vic.),2021/253,2021/76,2023/17 319,2021/662.7,2021/2 167,2023/1 190 000,2020/55 386,2021/406,2020/14 071,2021/5 627,2021/0,2023/1 736,2022/No data available,2022/66.4
Nunawading,2021/195,2021/51,2023/12 927,2021/507.9,2021/2 167,2023/1 120 000,2020/52 902,2021/391,2020/9 860,2021/4 691,2021/11.1,2023/1 611,2022/No data available,2022/64.5
Vermont,2021/180,2021/41,2023/11 150,2021/461,2021/2 383,2023/1 198 888,2020/52 489,2021/426,2020/8 089,2021/4 143,2021/0,2023/1 131,2022/No data available,2022/61
Vermont South,2021/149,2021/23,2023/12 181,2021/618.4,2021/2 383,2023/1 440 000,2020/44 218,2021/496,2020/8 882,2021/5 510,2021/0,2023/1 080,2022/No data available,2022/58.7
Belgrave - Selby,2021/153,2021/60,2023/9 961,2021/5 565.2,2021/1 950,2023/850 000,2020/54 641,2021/400,2020/8 510,2021/1 718,2021/5.9,2023/910,2022/151,2022/65.6
Chirnside Park,2021/191,2021/104,2023/12 392,2021/2 220.2,2021/2 167,2023/885 000,2020/53 444,2021/443,2020/9 018,2021/2 532,2021/0,2023/1 016,2022/1,2022/62.7
Healesville - Yarra Glen,2021/215,2021/463,2023/14 121,2021/36 952.4,2021/1 733,2023/791 000,2020/47 636,2021/350,2020/10 979,2021/1 996,2021/1.1,2023/1 462,2022/12 732,2022/60
Kilsyth,2021/154,2021/143,2023/10 351,2021/824.3,2021/1 970,2023/792 000,2020/53 778,2021/396,2020/7 274,2021/2 078,2021/0,2023/808,2022/No data available,2022/62
Lilydale - Coldstream,2021/267,2021/304,2023/20 043,2021/10 938.2,2021/1 950,2023/860 000,2020/53 609,2021/369,2020/15 446,2021/3 249,2021/0,2023/1 957,2022/144,2022/64.3
Monbulk - Silvan,2021/85,2021/33,2023/5 807,2021/6 855.5,2021/2 000,2023/825 000,2020/49 044,2021/360,2020/4 747,2021/895,2021/0,2023/784,2022/334,2022/62.2
Montrose,2021/103,2021/50,2023/6 928,2021/1 054.3,2021/2 000,2023/845 000,2020/55 274,2021/365,2020/5 361,2021/1 011,2021/0,2023/552,2022/73,2022/60.7
Mooroolbark,2021/382,2021/233,2023/23 985,2021/1 254.3,2021/2 000,2023/805 000,2020/53 617,2021/400,2020/18 373,2021/4 958,2021/2.5,2023/1 469,2022/No data available,2022/64.5
Mount Dandenong - Olinda,2021/125,2021/97,2023/9 633,2021/8 189.9,2021/2 028,2023/920 000,2020/53 335,2021/400,2020/8 058,2021/1 783,2021/0,2023/935,2022/3 485,2022/62.4
Mount Evelyn,2021/170,2021/115,2023/9 919,2021/1 698.9,2021/2 000,2023/800 000,2020/52 241,2021/365,2020/8 060,2021/1 242,2021/0,2023/855,2022/47,2022/64.4
Upwey - Tecoma,2021/142,2021/45,2023/9 777,2021/889.1,2021/1 950,2023/850 000,2020/56 165,2021/375,2020/8 546,2021/1 665,2021/0,2023/694,2022/91,2022/66.3
Wandin - Seville,2021/116,2021/86,2023/7 989,2021/11 175.6,2021/1 950,2023/800 000,2020/52 736,2021/360,2020/6 897,2021/910,2021/0,2023/1 063,2022/575,2022/65.2
Yarra Valley,2021/237,2021/286,2023/16 963,2021/72 975.8,2021/1 690,2023/660 000,2020/46 874,2021/315,2020/12 892,2021/2 085,2021/0,2023/1 435,2022/19 439,2022/63.1
Emerald - Cockatoo,2021/287,2021/172,2023/18 911,2021/37 162.4,2021/1 980,2023/849 500,2020/53 950,2021/370,2020/15 085,2021/2 558,2021/3.5,2023/1 853,2022/10 780,2022/64.2
Beaconsfield - Officer,2021/496,2021/143,2023/26 967,2021/3 325,2021/2 000,2023/740 000,2020/No data available,2021/391,2020/18 177,2021/7 141,2021/0,2023/2 092,2022/253,2022/68.1
Bunyip - Garfield,2021/146,2021/139,2023/10 193,2021/36 596.3,2021/1 950,2023/770 000,2020/No data available,2021/311,2020/7 471,2021/977,2021/0,2023/1 228,2022/3 266,2022/62.7
Koo Wee Rup,2021/189,2021/151,2023/11 523,2021/41 466.3,2021/1 940,2023/720 000,2020/No data available,2021/320,2020/7 342,2021/1 299,2021/4.8,2023/1 123,2022/315,2022/62.8
Pakenham - North East,2021/399,2021/232,2023/16 028,2021/1 892.9,2021/1 733,2023/620 000,2020/No data available,2021/346,2020/12 661,2021/3 587,2021/0,2023/956,2022/5,2022/65.1
Pakenham - North West,2021/141,2021/98,2023/8 808,2021/2 467.8,2021/1 950,2023/671 000,2020/No data available,2021/366,2020/4 481,2021/2 160,2021/0,2023/674,2022/57,2022/65.3
Pakenham - South East,2021/118,2021/110,2023/6 689,2021/3 094.1,2021/1 517,2023/600 000,2020/No data available,2021/335,2020/4 144,2021/1 904,2021/0,2023/988,2022/No data available,2022/62.9
Pakenham - South West,2021/597,2021/355,2023/27 999,2021/2 227.8,2021/1 800,2023/670 000,2020/No data available,2021/369,2020/20 853,2021/8 130,2021/0,2023/2 340,2022/No data available,2022/64.2
Berwick - North,2021/314,2021/107,2023/23 563,2021/1 974.8,2021/2 000,2023/902 000,2020/54 102,2021/380,2020/17 770,2021/6 462,2021/0,2023/2 275,2022/3,2022/62.1
Doveton,2021/195,2021/138,2023/12 515,2021/519.4,2021/1 500,2023/580 000,2020/42 694,2021/320,2020/8 221,2021/6 489,2021/3,2023/1 140,2022/No data available,2022/67.6
Hallam,2021/188,2021/42,2023/11 765,2021/805.7,2021/1 700,2023/700 000,2020/45 373,2021/361,2020/8 244,2021/6 127,2021/0,2023/2 110,2022/No data available,2022/64.2
Narre Warren North,2021/91,2021/44,2023/8 206,2021/3 440.9,2021/2 372,2023/1 600 000,2020/54 894,2021/400,2020/6 192,2021/2 294,2021/0,2023/1 172,2022/21,2022/65.3
Endeavour Hills - North,2021/143,2021/91,2023/12 048,2021/1 447.5,2021/1 836,2023/784 000,2020/49 393,2021/369,2020/9 084,2021/5 703,2021/0,2023/967,2022/272,2022/66.4
Endeavour Hills - South,2021/200,2021/41,2023/13 506,2021/558.7,2021/1 918,2023/822 000,2020/48 739,2021/383,2020/10 161,2021/6 605,2021/0,2023/1 088,2022/No data available,2022/64.1
Narre Warren - North East,2021/217,2021/108,2023/13 656,2021/487.4,2021/1 733,2023/760 000,2020/50 971,2021/370,2020/10 902,2021/4 819,2021/0,2023/894,2022/No data available,2022/69.6
Narre Warren - South West,2021/240,2021/148,2023/15 266,2021/930.5,2021/1 738,2023/700 000,2020/48 646,2021/360,2020/11 587,2021/6 154,2021/0,2023/1 556,2022/No data available,2022/68
Berwick - South East,2021/362,2021/96,2023/19 159,2021/988.4,2021/2 100,2023/885 000,2020/No data available,2021/430,2020/14 713,2021/6 729,2021/0,2023/1 372,2022/No data available,2022/67.6
Berwick - South West,2021/203,2021/69,2023/12 125,2021/497.1,2021/2 000,2023/770 000,2020/No data available,2021/400,2020/8 244,2021/4 592,2021/0,2023/848,2022/No data available,2022/68.4
Cranbourne,2021/351,2021/307,2023/22 034,2021/1 302.7,2021/1 627,2023/645 500,2020/48 306,2021/342,2020/16 211,2021/7 118,2021/0,2023/1 793,2022/No data available,2022/67.5
Cranbourne South,2021/381,2021/212,2023/21 862,2021/8 166.2,2021/2 167,2023/739 950,2020/56 952,2021/408,2020/11 911,2021/4 672,2021/0,2023/1 875,2022/No data available,2022/65.9
Cranbourne West,2021/522,2021/197,2023/23 813,2021/1 289.8,2021/1 842,2023/670 000,2020/51 719,2021/380,2020/16 307,2021/8 899,2021/5.6,2023/1 976,2022/No data available,2022/66.1
Lynbrook - Lyndhurst,2021/287,2021/45,2023/19 029,2021/735.8,2021/2 080,2023/870 250,2020/53 459,2021/416,2020/14 138,2021/9 708,2021/0,2023/1 733,2022/25,2022/68
Pearcedale - Tooradin,2021/135,2021/135,2023/8 142,2021/9 851.1,2021/1 901,2023/762 000,2020/53 071,2021/370,2020/6 421,2021/932,2021/0,2023/837,2022/1 306,2022/65
Narre Warren South - East,2021/158,2021/57,2023/13 162,2021/622,2021/2 000,2023/882 500,2020/51 316,2021/430,2020/10 635,2021/4 687,2021/0,2023/1 025,2022/No data available,2022/69.2
Narre Warren South - West,2021/269,2021/138,2023/17 099,2021/677.7,2021/1 820,2023/722 000,2020/50 166,2021/392,2020/12 750,2021/7 391,2021/3.5,2023/1 300,2022/No data available,2022/69.2
Clyde North - North,2021/166,2021/53,2023/12 529,2021/688.3,2021/2 300,2023/770 500,2020/No data available,2021/421,2020/4 795,2021/5 540,2021/0,2023/977,2022/No data available,2022/64.9
Clyde North - South,2021/19,2021/54,2023/20 688,2021/1 965.4,2021/2 167,2023/726 000,2020/No data available,2021/410,2020/538,2021/7 535,2021/0,2023/2 070,2022/No data available,2022/67.6
Cranbourne East - North,2021/1 091,2021/215,2023/24 860,2021/1 102.5,2021/2 000,2023/685 000,2020/No data available,2021/400,2020/31 560,2021/10 824,2021/0,2023/2 074,2022/No data available,2022/64.4
Cranbourne East - South,2021/246,2021/110,2023/14 472,2021/532.7,2021/2 000,2023/700 000,2020/No data available,2021/401,2020/7 105,2021/5 584,2021/0,2023/1 010,2022/No data available,2022/65.3
Cranbourne North - East,,,,,,,,,,,,,,
Cranbourne North - West,2021/330,2021/140,2023/12 193,2021/478.5,2021/1 709,2023/660 000,2020/No data available,2021/355,2020/11 235,2021/4 336,2021/0,2023/826,2022/No data available,2022/68.3
Hampton Park - East,2021/197,2021/89,2023/13 136,2021/821.9,2021/1 600,2023/650 000,2020/No data available,2021/355,2020/9 503,2021/6 689,2021/4.1,2023/796,2022/No data available,2022/68.6
Hampton Park - West,2021/208,2021/142,2023/13 704,2021/512.3,2021/1 550,2023/645 000,2020/No data available,2021/350,2020/10 025,2021/7 040,2021/0,2023/947,2022/No data available,2022/67.5
Clarinda - Oakleigh South,2021/151,2021/22,2023/11 674,2021/632.3,2021/2 010,2023/921 000,2020/49 454,2021/400,2020/8 668,2021/5 773,2021/0,2023/1 010,2022/No data available,2022/60.3
Clayton South,2021/153,2021/41,2023/14 740,2021/793.8,2021/1 997,2023/930 000,2020/42 781,2021/381,2020/12 027,2021/8 387,2021/0,2023/1 910,2022/No data available,2022/71.1
Dandenong North,2021/295,2021/184,2023/22 908,2021/945.9,2021/1 733,2023/705 000,2020/45 310,2021/341,2020/16 816,2021/11 432,2021/4.3,2023/1 762,2022/No data available,2022/63.9
Dingley Village,2021/153,2021/39,2023/10 673,2021/724.4,2021/2 058,2023/1 068 000,2020/52 104,2021/450,2020/8 116,2021/2 759,2021/0,2023/810,2022/No data available,2022/60
Noble Park North,,,,,,,,,,,,,,
Springvale,2021/225,2021/46,2023/23 509,2021/1 110.5,2021/1 745,2023/880 000,2020/38 064,2021/356,2020/18 675,2021/14 741,2021/0,2023/2 877,2022/No data available,2022/69.4
Springvale South,2021/140,2021/31,2023/12 828,2021/456,2021/1 600,2023/850 000,2020/41 646,2021/355,2020/9 666,2021/7 582,2021/0,2023/681,2022/No data available,2022/66.8
Noble Park - East,2021/163,2021/96,2023/13 362,2021/376.7,2021/1 600,2023/715 000,2020/43 598,2021/331,2020/11 768,2021/7 574,2021/0,2023/1 172,2022/No data available,2022/70.3
Noble Park - West,2021/222,2021/56,2023/20 206,2021/479.5,2021/1 700,2023/750 000,2020/42 014,2021/346,2020/16 168,2021/12 010,2021/0,2023/1 334,2022/No data available,2022/67.9
Dandenong - North,2021/319,2021/175,2023/22 193,2021/804.1,2021/1 500,2023/693 000,2020/No data available,2021/310,2020/16 947,2021/13 153,2021/0,2023/3 219,2022/No data available,2022/68.3
Dandenong - South,2021/133,2021/33,2023/9 826,2021/5 378.3,2021/1 647,2023/789 000,2020/No data available,2021/341,2020/7 096,2021/5 289,2021/11.1,2023/4 996,2022/No data available,2022/65.3
Keysborough - North,2021/294,2021/45,2023/15 119,2021/660.5,2021/1 733,2023/820 000,2020/No data available,2021/381,2020/13 394,2021/8 108,2021/0,2023/1 374,2022/No data available,2022/62.8
Keysborough - South,2021/215,2021/34,2023/16 249,2021/2 367.4,2021/2 478,2023/1 167 500,2020/No data available,2021/520,2020/9 785,2021/8 160,2021/0,2023/1 742,2022/No data available,2022/70.4
Ashwood - Chadstone,2021/282,2021/95,2023/20 600,2021/670.9,2021/2 500,2023/1 340 000,2020/51 534,2021/415,2020/16 739,2021/8 423,2021/7.6,2023/1 951,2022/No data available,2022/68.8
Glen Waverley - East,2021/268,2021/26,2023/22 429,2021/916.5,2021/2 600,2023/1 601 000,2020/42 330,2021/500,2020/15 694,2021/12 276,2021/0,2023/2 380,2022/No data available,2022/61.8
Glen Waverley - West,2021/254,2021/56,2023/22 533,2021/767.6,2021/2 400,2023/1 660 000,2020/43 674,2021/462,2020/15 543,2021/12 715,2021/6.7,2023/2 812,2022/No data available,2022/65.7
Mount Waverley - North,2021/176,2021/32,2023/16 796,2021/648.4,2021/2 600,2023/1 637 500,2020/47 156,2021/485,2020/12 389,2021/7 934,2021/0,2023/1 851,2022/No data available,2022/65.2
Mount Waverley - South,2021/246,2021/55,2023/20 236,2021/870.1,2021/2 600,2023/1 501 000,2020/50 250,2021/470,2020/15 116,2021/8 905,2021/0,2023/3 159,2022/No data available,2022/64.6
Mulgrave,2021/291,2021/60,2023/20 690,2021/1 071.9,2021/2 167,2023/986 250,2020/50 387,2021/430,2020/15 478,2021/9 206,2021/0,2023/2 424,2022/No data available,2022/63.4
Oakleigh - Huntingdale,2021/298,2021/97,2023/24 439,2021/1 017,2021/2 167,2023/1 202 500,2020/51 653,2021/415,2020/19 562,2021/9 739,2021/0,2023/3 194,2022/No data available,2022/69.6
Wheelers Hill,2021/223,2021/43,2023/20 973,2021/1 043.9,2021/2 500,2023/1 405 000,2020/46 578,2021/481,2020/14 577,2021/9 551,2021/8.6,2023/2 398,2022/No data available,2022/55.9
Clayton (North) - Notting Hill,2021/62,2021/83,2023/12 753,2021/522.9,2021/1 860,2023/1 250 000,2020/No data available,2021/380,2020/7 373,2021/6 070,2021/0,2023/1 795,2022/No data available,2022/86.3
Clayton - Central,2021/91,2021/42,2023/14 178,2021/418.2,2021/2 000,2023/1 138 888,2020/No data available,2021/401,2020/10 896,2021/8 068,2021/0,2023/1 630,2022/No data available,2022/79.8
Ardeer - Albion,2021/92,2021/64,2023/7 711,2021/458.8,2021/1 700,2023/710 000,2020/45 439,2021/320,2020/7 091,2021/3 442,2021/0,2023/671,2022/No data available,2022/69
Cairnlea,2021/126,2021/16,2023/10 101,2021/440.6,2021/1 883,2023/955 000,2020/50 116,2021/400,2020/7 556,2021/5 159,2021/0,2023/792,2022/38,2022/70
Delahey,2021/48,2021/38,2023/8 019,2021/350.6,2021/1 517,2023/652 000,2020/48 822,2021/350,2020/6 021,2021/3 872,2021/0,2023/484,2022/No data available,2022/68
Keilor Downs,2021/175,2021/83,2023/13 011,2021/766,2021/1 733,2023/722 000,2020/49 390,2021/360,2020/9 693,2021/5 244,2021/0,2023/924,2022/No data available,2022/63
Kings Park (Vic.),,,,,,,,,,,,,,
St Albans - North,2021/276,2021/86,2023/20 760,2021/652.3,2021/1 473,2023/661 000,2020/39 032,2021/330,2020/15 137,2021/11 938,2021/10.8,2023/1 839,2022/No data available,2022/66.7
St Albans - South,2021/186,2021/92,2023/17 496,2021/626.5,2021/1 500,2023/655 000,2020/39 537,2021/323,2020/12 394,2021/10 252,2021/0,2023/1 249,2022/No data available,2022/65.1
Sunshine,2021/98,2021/67,2023/9 940,2021/473.2,2021/1 842,2023/840 000,2020/42 555,2021/340,2020/9 161,2021/4 555,2021/0,2023/1 304,2022/No data available,2022/70.5
Sunshine North,2021/140,2021/54,2023/12 214,2021/802.4,2021/1 733,2023/722 500,2020/42 854,2021/341,2020/8 971,2021/6 529,2021/0,2023/1 394,2022/No data available,2022/67.9
Sunshine West,2021/256,2021/116,2023/18 572,2021/1 296.9,2021/1 700,2023/710 000,2020/45 471,2021/346,2020/14 088,2021/9 451,2021/0,2023/2 004,2022/No data available,2022/65.4
Sydenham,2021/119,2021/83,2023/11 804,2021/394.8,2021/1 650,2023/700 000,2020/50 474,2021/366,2020/9 753,2021/4 859,2021/0,2023/868,2022/No data available,2022/69.7
Taylors Lakes,2021/134,2021/74,2023/16 927,2021/1 846.3,2021/1 820,2023/920 250,2020/54 126,2021/412,2020/14 286,2021/5 476,2021/0,2023/1 480,2022/99,2022/67.8
Deer Park,,,,,,,,,,,,,,
Derrimut,2021/119,2021/31,2023/8 851,2021/1 325.8,2021/1 976,2023/759 000,2020/No data available,2021/400,2020/6 287,2021/4 171,2021/0,2023/1 317,2022/204,2022/67.2
Altona,2021/188,2021/88,2023/13 899,2021/1 768.3,2021/2 200,2023/1 127 500,2020/61 906,2021/390,2020/10 675,2021/3 783,2021/0,2023/1 239,2022/7,2022/62.7
Altona Meadows,2021/255,2021/156,2023/18 644,2021/1 054.2,2021/1 700,2023/725 000,2020/55 057,2021/341,2020/14 738,2021/6 143,2021/0,2023/1 012,2022/20,2022/65.3
Altona North,2021/184,2021/120,2023/15 387,2021/1 618.4,2021/2 167,2023/937 990,2020/58 645,2021/400,2020/10 722,2021/5 215,2021/0,2023/1 723,2022/49,2022/63.1
Newport,2021/359,2021/142,2023/19 487,2021/884.1,2021/2 500,2023/1 260 000,2020/72 348,2021/460,2020/16 299,2021/4 382,2021/0,2023/1 574,2022/No data available,2022/67.4
Seabrook,2021/97,2021/40,2023/4 926,2021/162,2021/1 803,2023/735 000,2020/55 087,2021/361,2020/4 067,2021/1 886,2021/0,2023/295,2022/No data available,2022/68.1
Williamstown,2021/157,2021/126,2023/16 586,2021/734.6,2021/2 600,2023/1 650 000,2020/67 423,2021/450,2020/13 258,2021/3 646,2021/3.9,2023/2 194,2022/16,2022/64.1
Braybrook,,,,,,,,,,,,,,
Footscray,2021/138,2021/158,2023/19 957,2021/496.7,2021/1 940,2023/1 000 000,2020/50 830,2021/355,2020/18 650,2021/7 117,2021/5.6,2023/2 353,2022/No data available,2022/79
Maribyrnong,2021/136,2021/69,2023/13 408,2021/549.3,2021/2 000,2023/1 150 000,2020/55 346,2021/396,2020/12 716,2021/5 476,2021/0,2023/1 407,2022/No data available,2022/75.6
Seddon - Kingsville,2021/153,2021/77,2023/9 575,2021/168,2021/2 500,2023/1 215 000,2020/68 864,2021/414,2020/8 907,2021/2 487,2021/4.8,2023/729,2022/No data available,2022/72
West Footscray - Tottenham,2021/187,2021/146,2023/12 592,2021/598.1,2021/2 129,2023/917 500,2020/55 705,2021/351,2020/11 468,2021/3 927,2021/13.5,2023/1 206,2022/No data available,2022/73.5
Yarraville,2021/214,2021/150,2023/16 020,2021/562,2021/2 500,2023/1 147 000,2020/71 512,2021/462,2020/14 242,2021/3 807,2021/0,2023/1 475,2022/No data available,2022/71
Bacchus Marsh,2021/431,2021/466,2023/26 055,2021/19 629.8,2021/1 733,2023/670 000,2020/56 505,2021/340,2020/17 897,2021/3 869,2021/1.1,2023/1 969,2022/3 010,2022/63.2
Melton West,2021/481,2021/490,2023/22 255,2021/2 420.2,2021/1 625,2023/570 000,2020/51 791,2021/340,2020/15 045,2021/6 102,2021/3,2023/1 290,2022/64,2022/64.6
Rockbank - Mount Cottrell,2021/263,2021/488,2023/27 259,2021/12 576.1,2021/2 017,2023/650 000,2020/54 381,2021/400,2020/7 858,2021/8 070,2021/0,2023/3 009,2022/265,2022/70.7
Taylors Hill,2021/301,2021/61,2023/19 892,2021/596.8,2021/2 000,2023/836 000,2020/56 042,2021/400,2020/14 751,2021/7 053,2021/0,2023/1 485,2022/No data available,2022/68
Burnside,2021/52,2021/31,2023/6 225,2021/255.2,2021/2 000,2023/736 666.5,2020/53 196,2021/400,2020/3 898,2021/2 766,2021/0,2023/375,2022/No data available,2022/63.4
Burnside Heights,2021/151,2021/7,2023/6 500,2021/199.5,2021/2 000,2023/750 250,2020/54 182,2021/411,2020/4 634,2021/3 098,2021/0,2023/492,2022/No data available,2022/65.3
Caroline Springs,2021/306,2021/113,2023/20 942,2021/695.3,2021/1 950,2023/740 000,2020/56 664,2021/401,2020/15 976,2021/8 419,2021/0,2023/1 836,2022/4,2022/68.9
Brookfield,2021/302,2021/143,2023/10 167,2021/1 069.3,2021/1 658,2023/580 000,2020/No data available,2021/350,2020/8 821,2021/3 296,2021/0,2023/639,2022/No data available,2022/61.9
Cobblebank - Strathtulloh,2021/32,2021/92,2023/10 248,2021/1 975.9,2021/1 904,2023/636 000,2020/No data available,2021/371,2020/936,2021/3 626,2021/0,2023/960,2022/No data available,2022/66.6
Eynesbury - Exford,2021/91,2021/71,2023/3 427,2021/6 948.9,2021/1 938,2023/680 000,2020/No data available,2021/380,2020/2 670,2021/479,2021/16.1,2023/155,2022/1,2022/63.9
Fraser Rise - Plumpton,2021/93,2021/55,2023/16 420,2021/5 873.1,2021/2 100,2023/666 750,2020/No data available,2021/429,2020/4 165,2021/4 250,2021/0,2023/1 009,2022/13,2022/68.2
Hillside,2021/345,2021/90,2023/16 143,2021/781.7,2021/1 920,2023/782 000,2020/No data available,2021/380,2020/15 382,2021/4 853,2021/0,2023/1 339,2022/22,2022/71.5
Kurunjang - Toolern Vale,2021/200,2021/314,2023/11 914,2021/12 084.4,2021/1 517,2023/525 000,2020/No data available,2021/321,2020/7 877,2021/2 636,2021/0,2023/785,2022/1 024,2022/66
Melton,2021/147,2021/269,2023/8 011,2021/986.1,2021/1 300,2023/470 000,2020/No data available,2021/300,2020/5 777,2021/2 121,2021/0,2023/781,2022/No data available,2022/60.6
Melton South - Weir Views,2021/368,2021/369,2023/20 224,2021/1 102.1,2021/1 517,2023/534 650,2020/No data available,2021/321,2020/10 762,2021/5 758,2021/0,2023/1 112,2022/No data available,2022/62.3
Hoppers Crossing - North,2021/223,2021/198,2023/18 317,2021/1 091.4,2021/1 600,2023/632 500,2020/50 553,2021/341,2020/15 739,2021/6 581,2021/0,2023/2 023,2022/No data available,2022/68.6
Hoppers Crossing - South,,,,,,,,,,,,,,
Laverton,2021/197,2021/96,2023/12 421,2021/2 224.5,2021/2 000,2023/705 000,2020/49 175,2021/380,2020/11 051,2021/6 390,2021/0,2023/2 258,2022/22,2022/74.6
Werribee - South,2021/249,2021/207,2023/17 832,2021/11 403.3,2021/2 000,2023/718 000,2020/54 507,2021/351,2020/12 577,2021/6 175,2021/1.8,2023/2 219,2022/No data available,2022/66.3
Point Cook - East,2021/423,2021/143,2023/20 834,2021/1 903.5,2021/2 200,2023/749 999,2020/56 636,2021/401,2020/14 784,2021/9 913,2021/0,2023/2 093,2022/No data available,2022/66.8
Point Cook - South,2021/568,2021/104,2023/20 237,2021/942.2,2021/2 167,2023/804 000,2020/60 784,2021/410,2020/14 248,2021/11 207,2021/0,2023/1 709,2022/No data available,2022/63.7
Werribee - East,2021/252,2021/379,2023/18 972,2021/775.7,2021/1 500,2023/550 000,2020/48 473,2021/315,2020/14 466,2021/6 793,2021/1,2023/1 109,2022/No data available,2022/65.9
Werribee - West,,,,,,,,,,,,,,
Manor Lakes - Quandong,2021/89,2021/107,2023/12 002,2021/7 203.4,2021/1 930,2023/637 500,2020/No data available,2021/361,2020/3 041,2021/5 698,2021/5.9,2023/835,2022/443,2022/66
Point Cook - North East,,,,,,,,,,,,,,
Point Cook - North West,2021/165,2021/73,2023/9 998,2021/293.8,2021/2 000,2023/765 000,2020/No data available,2021/400,2020/7 092,2021/5 002,2021/12.9,2023/859,2022/No data available,2022/68.7
Tarneit (West) - Mount Cottrell,2021/10,2021/33,2023/15 293,2021/3 670.6,2021/2 000,2023/646 000,2020/No data available,2021/385,2020/328,2021/6 205,2021/0,2023/1 531,2022/25,2022/65.7
Tarneit - Central,2021/849,2021/136,2023/29 321,2021/796.1,2021/1 900,2023/655 000,2020/No data available,2021/380,2020/28 938,2021/15 812,2021/2.7,2023/3 622,2022/No data available,2022/67
Tarneit - North,2021/6,2021/35,2023/11 213,2021/1 434.5,2021/2 065,2023/667 375,2020/No data available,2021/391,2020/200,2021/4 660,2021/0,2023/1 371,2022/No data available,2022/67.6
Tarneit - South,2021/355,2021/58,2023/11 633,2021/313,2021/1 811,2023/630 000,2020/No data available,2021/369,2020/12 106,2021/5 508,2021/0,2023/1 138,2022/No data available,2022/65.8
Truganina - North,2021/No data available,2021/170,2023/13 025,2021/1 751.9,2021/2 167,2023/690 000,2020/No data available,2021/402,2020/24,2021/5 617,2021/0,2023/1 957,2022/No data available,2022/71.3
Truganina - South East,2021/253,2021/26,2023/10 443,2021/426.8,2021/2 000,2023/700 000,2020/No data available,2021/395,2020/7 257,2021/5 860,2021/0,2023/1 403,2022/20,2022/68.4
Truganina - South West,2021/728,2021/71,2023/19 938,2021/537.8,2021/1 893,2023/650 000,2020/No data available,2021/377,2020/20 918,2021/10 576,2021/0,2023/2 560,2022/No data available,2022/64.7
Wyndham Vale - North,2021/148,2021/180,2023/11 899,2021/5 125,2021/1 800,2023/595 000,2020/No data available,2021/350,2020/5 091,2021/4 056,2021/0,2023/699,2022/567,2022/68.9
Wyndham Vale - South,2021/463,2021/302,2023/13 888,2021/495.8,2021/1 668,2023/550 000,2020/No data available,2021/336,2020/15 883,2021/4 804,2021/0,2023/702,2022/No data available,2022/66.5
Carrum Downs,2021/376,2021/437,2023/22 892,2021/2 030.8,2021/1 733,2023/695 000,2020/53 793,2021/370,2020/17 892,2021/5 424,2021/0,2023/2 522,2022/98,2022/67.8
Frankston,2021/353,2021/435,2023/24 164,2021/1 162.4,2021/1 733,2023/772 500,2020/50 097,2021/335,2020/18 453,2021/5 423,2021/1,2023/2 069,2022/10,2022/66.5
Frankston North,2021/295,2021/526,2023/19 757,2021/1 323.8,2021/1 597,2023/644 000,2020/48 248,2021/341,2020/13 736,2021/4 062,2021/0,2023/905,2022/108,2022/64.5
Frankston South,2021/283,2021/156,2023/19 156,2021/1 456,2021/2 167,2023/1 158 000,2020/53 597,2021/420,2020/14 393,2021/4 063,2021/0,2023/1 575,2022/91,2022/58.9
Langwarrin,2021/416,2021/268,2023/25 563,2021/3 762,2021/1 900,2023/820 000,2020/55 580,2021/365,2020/20 137,2021/3 990,2021/0,2023/1 812,2022/234,2022/64.8
Seaford (Vic.),2021/307,2021/310,2023/17 764,2021/1 243.2,2021/1 850,2023/830 000,2020/53 665,2021/351,2020/13 446,2021/3 398,2021/4,2023/1 666,2022/21,2022/64.9
Skye - Sandhurst,2021/246,2021/158,2023/13 530,2021/1 981.5,2021/2 000,2023/865 000,2020/56 506,2021/450,2020/11 098,2021/3 347,2021/0,2023/931,2022/2,2022/66.8
Dromana,2021/142,2021/140,2023/13 574,2021/4 505.8,2021/1 950,2023/1 150 000,2020/45 157,2021/405,2020/8 894,2021/2 530,2021/2.7,2023/1 346,2022/369,2022/56
Flinders,2021/52,2021/43,2023/6 015,2021/28 737.9,2021/2 244,2023/1 955 000,2020/49 267,2021/424,2020/4 313,2021/849,2021/0,2023/1 106,2022/3 379,2022/53.3
Hastings - Somers,2021/359,2021/618,2023/23 973,2021/10 888.4,2021/1 733,2023/820 000,2020/48 896,2021/330,2020/16 833,2021/3 588,2021/1.3,2023/1 756,2022/146,2022/59.5
Mount Eliza,2021/291,2021/106,2023/18 878,2021/2 320.8,2021/2 600,2023/1 675 000,2020/57 975,2021/512,2020/13 813,2021/4 169,2021/0,2023/2 110,2022/No data available,2022/57.1
Mount Martha,2021/290,2021/137,2023/20 087,2021/3 020.9,2021/2 167,2023/1 572 500,2020/52 230,2021/496,2020/14 544,2021/3 987,2021/0,2023/1 848,2022/77,2022/56.8
Point Nepean,2021/199,2021/243,2023/19 947,2021/6 718.8,2021/1 888,2023/1 325 000,2020/42 617,2021/376,2020/12 938,2021/2 846,2021/0,2023/2 081,2022/1 216,2022/53.6
Rosebud - McCrae,2021/286,2021/412,2023/23 108,2021/2 379.6,2021/1 733,2023/825 000,2020/41 760,2021/350,2020/14 489,2021/3 634,2021/0,2023/1 670,2022/271,2022/52.7
Somerville,2021/255,2021/215,2023/18 809,2021/11 735.4,2021/1 800,2023/770 000,2020/51 734,2021/380,2020/15 033,2021/2 729,2021/2.9,2023/2 115,2022/131,2022/63
Mornington - East,2021/183,2021/185,2023/15 075,2021/1 468.8,2021/2 000,2023/937 500,2020/No data available,2021/400,2020/10 860,2021/3 142,2021/0,2023/1 690,2022/4,2022/56.9
Mornington - West,2021/120,2021/60,2023/10 777,2021/640.4,2021/2 100,2023/1 490 000,2020/No data available,2021/410,2020/7 161,2021/2 316,2021/0,2023/1 349,2022/8,2022/50.2
Ararat,2021/112,2021/219,2023/8 339,2021/16 117.9,2021/1 083,2023/380 000,2020/46 330,2021/250,2020/5 878,2021/1 035,2021/2.6,2023/502,2022/81,2022/61.1
Ararat Surrounds,2021/44,2021/49,2023/3 162,2021/402 319.8,2021/1 083,2023/235 000,2020/47 026,2021/151,2020/2 885,2021/287,2021/0,2023/626,2022/43 536,2022/57.9
Horsham,2021/263,2021/393,2023/16 876,2021/8 306.9,2021/1 203,2023/392 500,2020/49 317,2021/245,2020/13 562,2021/1 257,2021/0,2023/1 436,2022/29,2022/59.6
Horsham Surrounds,2021/37,2021/29,2023/3 467,2021/425 146.7,2021/1 134,2023/280 000,2020/50 726,2021/185,2020/3 448,2021/194,2021/0,2023/716,2022/37 628,2022/63.8
Nhill Region,2021/48,2021/122,2023/6 796,2021/1 104 279.3,2021/737,2023/200 000,2020/49 436,2021/170,2020/5 648,2021/674,2021/0,2023/997,2022/348 658,2022/56.8
St Arnaud,2021/28,2021/81,2023/3 435,2021/300 857.5,2021/867,2023/275 000,2020/43 038,2021/182,2020/2 740,2021/208,2021/0,2023/455,2022/25 945,2022/55.3
Stawell,2021/85,2021/190,2023/8 459,2021/274 343.1,2021/1 010,2023/360 000,2020/46 736,2021/214,2020/6 492,2021/884,2021/0,2023/741,2022/78 601,2022/59.2
West Wimmera,2021/42,2021/40,2023/2 715,2021/568 638.7,2021/758,2023/245 000,2020/46 649,2021/150,2020/2 682,2021/195,2021/0,2023/554,2022/85 742,2022/54.9
Yarriambiack,2021/65,2021/128,2023/6 327,2021/713 958.2,2021/672,2023/200 000,2020/50 474,2021/166,2020/5 086,2021/436,2021/0,2023/930,2022/62 392,2022/55.3
Irymple,2021/135,2021/224,2023/7 876,2021/8 857.3,2021/1 473,2023/540 000,2020/48 543,2021/250,2020/6 116,2021/657,2021/0,2023/870,2022/1 646,2022/62.7
Merbein,2021/73,2021/289,2023/4 943,2021/10 171.4,2021/1 140,2023/345 000,2020/46 266,2021/220,2020/3 959,2021/301,2021/0,2023/419,2022/1 110,2022/59.8
Mildura Surrounds,2021/50,2021/105,2023/3 759,2021/2 156 879.6,2021/900,2023/220 000,2020/41 420,2021/150,2020/3 171,2021/290,2021/0,2023/539,2022/1 043 166,2022/59.5
Red Cliffs,2021/89,2021/300,2023/6 065,2021/24 672.3,2021/1 083,2023/331 500,2020/42 808,2021/240,2020/5 672,2021/568,2021/0,2023/539,2022/3 428,2022/63.4
Mildura - North,2021/302,2021/1 469,2023/18 229,2021/2 511.7,2021/1 148,2023/395 000,2020/42 156,2021/260,2020/16 357,2021/3 027,2021/1.3,2023/1 964,2022/10,2022/62.9
Mildura - South,2021/295,2021/868,2023/16 682,2021/5 099.8,2021/1 334,2023/492 500,2020/47 345,2021/300,2020/14 408,2021/2 915,2021/2.2,2023/984,2022/77,2022/61.4
Buloke,2021/40,2021/112,2023/6 044,2021/806 868.5,2021/734,2023/219 000,2020/43 604,2021/158,2020/5 035,2021/397,2021/3.4,2023/995,2022/18 718,2022/56.4
Gannawarra,2021/75,2021/144,2023/6 559,2021/356 832.5,2021/997,2023/280 000,2020/41 794,2021/180,2020/5 033,2021/366,2021/0,2023/967,2022/29 144,2022/54.4
Kerang,2021/54,2021/178,2023/3 856,2021/14 660.8,2021/1 000,2023/270 000,2020/42 710,2021/200,2020/2 655,2021/227,2021/0,2023/368,2022/1 178,2022/52.8
Robinvale,2021/57,2021/370,2023/3 753,2021/18 159.6,2021/1 040,2023/330 000,2020/35 390,2021/220,2020/3 957,2021/1 411,2021/6.1,2023/424,2022/3 838,2022/66.9
Swan Hill,2021/211,2021/581,2023/10 948,2021/12 659,2021/1 300,2023/448 000,2020/47 677,2021/235,2020/9 244,2021/1 467,2021/3.6,2023/1 382,2022/26,2022/59.3
Swan Hill Surrounds,2021/89,2021/280,2023/6 512,2021/575 957.9,2021/966,2023/280 000,2020/43 685,2021/180,2020/5 851,2021/687,2021/0,2023/861,2022/29 163,2022/62.5
Echuca,2021/229,2021/774,2023/15 585,2021/18 395.3,2021/1 483,2023/580 000,2020/47 359,2021/285,2020/12 600,2021/1 288,2021/2.8,2023/1 768,2022/331,2022/58.5
Kyabram,2021/171,2021/327,2023/10 952,2021/73 886.2,2021/1 235,2023/405 000,2020/44 447,2021/210,2020/8 462,2021/857,2021/0,2023/1 220,2022/1 985,2022/56.8
Lockington - Gunbower,2021/55,2021/90,2023/3 944,2021/164 643.8,2021/1 320,2023/324 500,2020/43 852,2021/200,2020/3 216,2021/203,2021/0,2023/588,2022/8 291,2022/61.2
Rochester,2021/59,2021/101,2023/3 792,2021/35 164.5,2021/1 122,2023/362 500,2020/42 969,2021/213,2020/2 982,2021/220,2021/0,2023/442,2022/62,2022/55.7
Rushworth,2021/46,2021/119,2023/4 187,2021/163 388.6,2021/1 023,2023/260 000,2020/39 808,2021/200,2020/3 002,2021/386,2021/0,2023/482,2022/6 476,2022/57.2
Cobram,2021/106,2021/167,2023/6 662,2021/13 172.3,2021/1 278,2023/425 000,2020/43 108,2021/250,2020/4 699,2021/1 067,2021/5.4,2023/675,2022/191,2022/54.7
Moira,2021/38,2021/90,2023/2 834,2021/149 882.8,2021/1 213,2023/680 000,2020/42 266,2021/210,2020/2 358,2021/228,2021/0,2023/418,2022/4 236,2022/60.8
Numurkah,2021/144,2021/410,2023/12 467,2021/232 067.2,2021/1 172,2023/350 000,2020/44 256,2021/210,2020/9 865,2021/982,2021/0,2023/1 481,2022/35 411,2022/59.2
Yarrawonga,2021/119,2021/124,2023/8 812,2021/9 469.7,2021/1 430,2023/630 000,2020/43 654,2021/290,2020/5 587,2021/738,2021/2.9,2023/719,2022/No data available,2022/50.9
Mooroopna,2021/110,2021/800,2023/8 110,2021/3 997.3,2021/1 148,2023/390 000,2020/45 846,2021/250,2020/6 064,2021/940,2021/2.4,2023/411,2022/996,2022/59.8
Shepparton - North,2021/305,2021/946,2023/20 157,2021/6 565.8,2021/1 369,2023/475 000,2020/50 636,2021/270,2020/15 683,2021/3 740,2021/2.6,2023/2 253,2022/485,2022/62.7
Shepparton Surrounds - East,2021/52,2021/97,2023/4 061,2021/105 557.8,2021/1 300,2023/462 500,2020/44 524,2021/236,2020/3 575,2021/329,2021/0,2023/699,2022/2 260,2022/64.2
Shepparton Surrounds - West,2021/125,2021/343,2023/10 394,2021/102 867.9,2021/1 300,2023/455 000,2020/45 328,2021/240,2020/8 481,2021/1 069,2021/1.6,2023/1 268,2022/5 886,2022/61.9
Kialla,2021/132,2021/202,2023/9 733,2021/7 744.4,2021/1 625,2023/665 400,2020/No data available,2021/380,2020/5 961,2021/1 514,2021/2.9,2023/890,2022/256,2022/60.7
Shepparton - South East,2021/291,2021/997,2023/16 494,2021/6 583.1,2021/1 166,2023/410 000,2020/No data available,2021/270,2020/13 126,2021/4 243,2021/2.9,2023/1 603,2022/91,2022/60.2
Glenelg (Vic.),2021/95,2021/304,2023/8 839,2021/612 142.6,2021/1 073,2023/320 000,2020/44 969,2021/180,2020/7 649,2021/712,2021/0,2023/1 231,2022/79 912,2022/57.6
Hamilton (Vic.),2021/124,2021/302,2023/10 310,2021/19 833.7,2021/1 083,2023/359 000,2020/46 493,2021/235,2020/8 569,2021/818,2021/0,2023/904,2022/4,2022/57.2
Portland,2021/127,2021/397,2023/11 181,2021/6 398.5,2021/1 105,2023/445 000,2020/47 953,2021/250,2020/8 373,2021/1 046,2021/1.8,2023/731,2022/11,2022/59
Southern Grampians,2021/79,2021/152,2023/6 213,2021/656 264.4,2021/931,2023/270 000,2020/43 994,2021/170,2020/6 206,2021/457,2021/3.1,2023/1 230,2022/71 159,2022/57.4
Camperdown,2021/45,2021/33,2023/3 410,2021/9 811.8,2021/1 134,2023/445 000,2020/47 411,2021/240,2020/2 578,2021/240,2021/0,2023/376,2022/No data available,2022/54.6
Colac,2021/185,2021/219,2023/12 640,2021/5 473.4,2021/1 300,2023/500 000,2020/48 073,2021/260,2020/9 856,2021/1 263,2021/0,2023/977,2022/No data available,2022/58.6
Colac Surrounds,2021/100,2021/66,2023/5 665,2021/193 427.6,2021/1 400,2023/562 500,2020/43 952,2021/250,2020/5 128,2021/406,2021/5.3,2023/960,2022/9 862,2022/60.4
Corangamite - North,2021/69,2021/83,2023/5 322,2021/253 832.9,2021/1 000,2023/370 000,2020/47 819,2021/200,2020/4 545,2021/371,2021/0,2023/797,2022/1 839,2022/58.5
Corangamite - South,2021/123,2021/113,2023/7 164,2021/180 520.8,2021/1 200,2023/423 000,2020/43 565,2021/231,2020/6 509,2021/576,2021/0,2023/1 155,2022/13 874,2022/60.7
Otway,2021/49,2021/81,2023/3 983,2021/150 589,2021/1 387,2023/980 000,2020/36 510,2021/285,2020/3 326,2021/631,2021/0,2023/540,2022/68 501,2022/59.2
Moyne - East,2021/119,2021/162,2023/7 132,2021/327 579.9,2021/1 300,2023/347 000,2020/47 120,2021/200,2020/6 201,2021/486,2021/0,2023/1 203,2022/3 987,2022/61.8
Moyne - West,2021/126,2021/187,2023/10 148,2021/203 776.3,2021/1 517,2023/730 000,2020/46 843,2021/280,2020/8 420,2021/777,2021/0,2023/1 303,2022/7 756,2022/57.3
Warrnambool - North,2021/363,2021/568,2023/22 762,2021/6 242,2021/1 451,2023/605 000,2020/50 654,2021/300,2020/18 440,2021/1 960,2021/2.4,2023/1 292,2022/No data available,2022/61.8
Warrnambool - South,2021/192,2021/273,2023/13 476,2021/12 019.6,2021/1 387,2023/620 000,2020/49 080,2021/287,2020/11 144,2021/1 437,2021/1.8,2023/1 688,2022/118,2022/60.6
