LGA_CODE_2021,LGA_NAME_2021,CED_CODE_2021,CED_NAME_2021,RATIO_FROM_TO,INDIV_TO_REGION_QLTY_INDICATOR,OVERALL_QUALITY_INDICATOR,BMOS_NULL_FLAG
10050,Albury,114,Farrer,1,Good,Poor,0
10180,Armidale Regional,130,New England,1,Good,Poor,0
10250,Ballina,133,Page,0.2673716,Acceptable,Poor,0
10250,Ballina,138,Richmond,0.7326284,Good,Poor,0
10300,Balranald,114,Farrer,1,Good,Poor,0
10470,Bathurst Regional,107,Calare,1,Good,Poor,0
10500,Bayside (NSW),102,Barton,0.5387954,Poor,Poor,0
10500,Bayside (NSW),109,Cook,0.1255007,Poor,Poor,0
10500,Bayside (NSW),122,Kingsford Smith,0.3357039,Poor,Poor,0
10550,Bega Valley,113,Eden-Monaro,1,Good,Poor,0
10600,Bellingen,110,Cowper,1,Acceptable,Poor,0
10650,Berrigan,114,Farrer,1,Good,Poor,0
10750,Blacktown,108,Chifley,0.509161,Poor,Poor,0
10750,Blacktown,118,Greenway,0.4761803,Poor,Poor,0
10750,Blacktown,128,McMahon,0.0146587,Poor,Poor,0
10800,Bland,139,Riverina,1,Good,Poor,0
10850,Blayney,107,Calare,1,Good,Poor,0
10900,Blue Mountains,127,Macquarie,1,Good,Poor,0
10950,Bogan,134,Parkes,1,Good,Poor,0
11150,Bourke,134,Parkes,1,Good,Poor,0
11200,Brewarrina,134,Parkes,1,Good,Poor,0
11250,Broken Hill,134,Parkes,1,Good,Poor,0
11300,Burwood,137,Reid,0.7122343,Poor,Poor,0
11300,Burwood,144,Watson,0.2877657,Poor,Poor,0
11350,Byron,138,Richmond,1,Good,Poor,0
11400,Cabonne,107,Calare,1,Good,Poor,0
11450,Camden,120,Hume,0.4866059,Poor,Poor,0
11450,Camden,125,Macarthur,0.5133941,Poor,Poor,0
11500,Campbelltown (NSW),125,Macarthur,0.8169979,Poor,Poor,0
11500,Campbelltown (NSW),146,Werriwa,0.1830021,Poor,Poor,0
11520,Canada Bay,137,Reid,1,Poor,Poor,0
11570,Canterbury-Bankstown,101,Banks,0.1750438,Poor,Poor,0
11570,Canterbury-Bankstown,102,Barton,0.0923203,Poor,Poor,0
11570,Canterbury-Bankstown,105,Blaxland,0.3247286,Poor,Poor,0
11570,Canterbury-Bankstown,117,Grayndler,0.0099577,Acceptable,Poor,1
11570,Canterbury-Bankstown,144,Watson,0.3979497,Poor,Poor,0
11600,Carrathool,114,Farrer,1,Good,Poor,0
11650,Central Coast (NSW),112,Dobell,0.4698878,Poor,Poor,0
11650,Central Coast (NSW),140,Robertson,0.438011,Poor,Poor,0
11650,Central Coast (NSW),141,Shortland,0.0921012,Poor,Poor,0
11700,Central Darling,134,Parkes,1,Good,Poor,0
11720,Cessnock,121,Hunter,0.6649135,Poor,Poor,0
11720,Cessnock,136,Paterson,0.3350865,Acceptable,Poor,0
11730,Clarence Valley,110,Cowper,4.00E-07,Acceptable,Poor,1
11730,Clarence Valley,133,Page,0.9999996,Acceptable,Poor,0
11750,Cobar,134,Parkes,1,Good,Poor,0
11800,Coffs Harbour,110,Cowper,0.68211,Acceptable,Poor,0
11800,Coffs Harbour,133,Page,0.31789,Acceptable,Poor,0
12000,Coolamon,139,Riverina,1,Good,Poor,0
12150,Coonamble,134,Parkes,1,Good,Poor,0
12160,Cootamundra-Gundagai Regional,139,Riverina,1,Good,Poor,0
12350,Cowra,139,Riverina,1,Good,Poor,0
12380,Cumberland,105,Blaxland,0.2896352,Poor,Poor,0
12380,Cumberland,115,Fowler,0.000663,Poor,Poor,1
12380,Cumberland,118,Greenway,0.0535979,Poor,Poor,0
12380,Cumberland,128,McMahon,0.3138933,Poor,Poor,0
12380,Cumberland,135,Parramatta,0.2735595,Poor,Poor,0
12380,Cumberland,137,Reid,0.0434443,Poor,Poor,0
12380,Cumberland,144,Watson,0.0252069,Poor,Poor,0
12390,Dubbo Regional,107,Calare,0.1603134,Good,Poor,0
12390,Dubbo Regional,134,Parkes,0.8396866,Good,Poor,0
12700,Dungog,124,Lyne,1,Acceptable,Poor,0
12730,Edward River,114,Farrer,1,Good,Poor,0
12750,Eurobodalla,113,Eden-Monaro,0.2093509,Good,Poor,0
12750,Eurobodalla,116,Gilmore,0.7906491,Good,Poor,0
12850,Fairfield,115,Fowler,0.6052713,Poor,Poor,0
12850,Fairfield,128,McMahon,0.3251785,Poor,Poor,0
12850,Fairfield,146,Werriwa,0.0695502,Poor,Poor,0
12870,Federation,114,Farrer,1,Good,Poor,0
12900,Forbes,139,Riverina,1,Good,Poor,0
12930,Georges River,101,Banks,0.6430086,Poor,Poor,0
12930,Georges River,102,Barton,0.2543744,Poor,Poor,0
12930,Georges River,109,Cook,0.102617,Poor,Poor,0
12930,Georges River,144,Watson,1.00E-07,Poor,Poor,1
12950,Gilgandra,134,Parkes,1,Good,Poor,0
13010,Glen Innes Severn,130,New England,1,Good,Poor,0
13310,Goulburn Mulwaree,120,Hume,1,Poor,Poor,0
13340,Greater Hume Shire,114,Farrer,1,Good,Poor,0
13450,Griffith,114,Farrer,1,Good,Poor,0
13550,Gunnedah,134,Parkes,1,Good,Poor,0
13660,Gwydir,130,New England,0.4275658,Good,Poor,0
13660,Gwydir,134,Parkes,0.5724342,Good,Poor,0
13800,Hawkesbury,127,Macquarie,1,Good,Poor,0
13850,Hay,114,Farrer,1,Good,Poor,0
13910,Hilltops,120,Hume,0.1379412,Poor,Poor,0
13910,Hilltops,139,Riverina,0.8620588,Good,Poor,0
14000,Hornsby,103,Bennelong,0.0307324,Poor,Poor,0
14000,Hornsby,104,Berowra,0.7779104,Poor,Poor,0
14000,Hornsby,106,Bradfield,0.1913571,Acceptable,Poor,0
14100,Hunters Hill,132,North Sydney,1,Acceptable,Poor,0
14170,Inner West,102,Barton,0.0779279,Poor,Poor,0
14170,Inner West,117,Grayndler,0.804474,Acceptable,Poor,0
14170,Inner West,137,Reid,0.0291656,Poor,Poor,0
14170,Inner West,142,Sydney,0.0276688,Good,Poor,0
14170,Inner West,144,Watson,0.0607639,Poor,Poor,0
14220,Inverell,130,New England,1,Good,Poor,0
14300,Junee,139,Riverina,1,Good,Poor,0
14350,Kempsey,110,Cowper,1,Acceptable,Poor,0
14400,Kiama,116,Gilmore,1,Good,Poor,0
14500,Ku-ring-gai,106,Bradfield,1,Acceptable,Poor,0
14550,Kyogle,133,Page,1,Acceptable,Poor,0
14600,Lachlan,134,Parkes,1,Good,Poor,0
14650,Lake Macquarie,121,Hunter,0.4216666,Poor,Poor,0
14650,Lake Macquarie,131,Newcastle,0.0178044,Good,Poor,0
14650,Lake Macquarie,141,Shortland,0.560529,Poor,Poor,0
14700,Lane Cove,132,North Sydney,1,Acceptable,Poor,0
14750,Leeton,114,Farrer,1,Good,Poor,0
14850,Lismore,133,Page,1,Acceptable,Poor,0
14870,Lithgow,107,Calare,1,Good,Poor,0
14900,Liverpool,115,Fowler,0.2020057,Poor,Poor,0
14900,Liverpool,119,Hughes,0.1366737,Poor,Poor,0
14900,Liverpool,120,Hume,0.0083195,Poor,Poor,1
14900,Liverpool,146,Werriwa,0.6530011,Poor,Poor,0
14920,Liverpool Plains,130,New England,1,Good,Poor,0
14950,Lockhart,139,Riverina,1,Good,Poor,0
15050,Maitland,121,Hunter,0.0004883,Poor,Poor,1
15050,Maitland,124,Lyne,0.1025336,Acceptable,Poor,0
15050,Maitland,136,Paterson,0.8969781,Acceptable,Poor,0
15240,Mid-Coast,124,Lyne,1,Acceptable,Poor,0
15270,Mid-Western Regional,107,Calare,1,Good,Poor,0
15300,Moree Plains,134,Parkes,1,Good,Poor,0
15350,Mosman,143,Warringah,1,Poor,Poor,0
15520,Murray River,114,Farrer,1,Good,Poor,0
15560,Murrumbidgee,114,Farrer,1,Good,Poor,0
15650,Muswellbrook,121,Hunter,1,Poor,Poor,0
15700,Nambucca Valley,110,Cowper,1,Acceptable,Poor,0
15750,Narrabri,134,Parkes,1,Good,Poor,0
15800,Narrandera,114,Farrer,1,Good,Poor,0
15850,Narromine,134,Parkes,1,Good,Poor,0
15900,Newcastle,121,Hunter,0.0061035,Poor,Poor,1
15900,Newcastle,131,Newcastle,0.9612638,Good,Poor,0
15900,Newcastle,136,Paterson,0.0320526,Acceptable,Poor,0
15900,Newcastle,141,Shortland,0.0005802,Poor,Poor,1
15950,North Sydney,132,North Sydney,0.7921654,Acceptable,Poor,0
15950,North Sydney,143,Warringah,0.2078346,Poor,Poor,0
15990,Northern Beaches,126,Mackellar,0.5892783,Poor,Poor,0
15990,Northern Beaches,143,Warringah,0.4107217,Poor,Poor,0
16100,Oberon,107,Calare,1,Good,Poor,0
16150,Orange,107,Calare,1,Good,Poor,0
16200,Parkes,139,Riverina,1,Good,Poor,0
16260,Parramatta,103,Bennelong,0.223924,Poor,Poor,0
16260,Parramatta,104,Berowra,0.0114345,Poor,Poor,0
16260,Parramatta,118,Greenway,2.00E-07,Poor,Poor,1
16260,Parramatta,129,Mitchell,0.1086969,Poor,Poor,0
16260,Parramatta,135,Parramatta,0.5403834,Poor,Poor,0
16260,Parramatta,137,Reid,0.115561,Poor,Poor,0
16350,Penrith,120,Hume,0.0072087,Poor,Poor,1
16350,Penrith,123,Lindsay,0.8630145,Acceptable,Poor,0
16350,Penrith,128,McMahon,0.1297768,Poor,Poor,0
16380,Port Macquarie-Hastings,110,Cowper,0.6009485,Acceptable,Poor,0
16380,Port Macquarie-Hastings,124,Lyne,0.3990515,Acceptable,Poor,0
16400,Port Stephens,124,Lyne,0.0976211,Acceptable,Poor,0
16400,Port Stephens,136,Paterson,0.9023789,Acceptable,Poor,0
16490,Queanbeyan-Palerang Regional,113,Eden-Monaro,1,Good,Poor,0
16550,Randwick,122,Kingsford Smith,0.9174679,Poor,Poor,0
16550,Randwick,145,Wentworth,0.0825321,Acceptable,Poor,0
16610,Richmond Valley,133,Page,1,Acceptable,Poor,0
16700,Ryde,103,Bennelong,1,Poor,Poor,0
16900,Shellharbour,147,Whitlam,1,Poor,Poor,0
16950,Shoalhaven,116,Gilmore,1,Good,Poor,0
17000,Singleton,121,Hunter,1,Poor,Poor,0
17040,Snowy Monaro Regional,113,Eden-Monaro,1,Good,Poor,0
17080,Snowy Valleys,113,Eden-Monaro,1,Good,Poor,0
17100,Strathfield,137,Reid,0.8505931,Poor,Poor,0
17100,Strathfield,144,Watson,0.1494069,Poor,Poor,0
17150,Sutherland Shire,109,Cook,0.48572,Poor,Poor,0
17150,Sutherland Shire,119,Hughes,0.51428,Poor,Poor,0
17200,Sydney,122,Kingsford Smith,5.68E-05,Poor,Poor,1
17200,Sydney,142,Sydney,0.9389597,Good,Poor,0
17200,Sydney,145,Wentworth,0.0609835,Acceptable,Poor,0
17310,Tamworth Regional,130,New England,1,Good,Poor,0
17350,Temora,139,Riverina,1,Good,Poor,0
17400,Tenterfield,130,New England,1,Good,Poor,0
17420,The Hills Shire,104,Berowra,0.1641573,Poor,Poor,0
17420,The Hills Shire,129,Mitchell,0.8358427,Poor,Poor,0
17550,Tweed,138,Richmond,1,Good,Poor,0
17620,Upper Hunter Shire,130,New England,1,Good,Poor,0
17640,Upper Lachlan Shire,120,Hume,1,Poor,Poor,0
17650,Uralla,130,New England,1,Good,Poor,0
17750,Wagga Wagga,139,Riverina,1,Good,Poor,0
17850,Walcha,130,New England,1,Good,Poor,0
17900,Walgett,134,Parkes,1,Good,Poor,0
17950,Warren,134,Parkes,1,Good,Poor,0
18020,Warrumbungle Shire,134,Parkes,1,Good,Poor,0
18050,Waverley,145,Wentworth,1,Acceptable,Poor,0
18100,Weddin,139,Riverina,1,Good,Poor,0
18200,Wentworth,114,Farrer,1,Good,Poor,0
18250,Willoughby,106,Bradfield,0.2118028,Acceptable,Poor,0
18250,Willoughby,132,North Sydney,0.7881972,Acceptable,Poor,0
18350,Wingecarribee,120,Hume,0.2532036,Poor,Poor,0
18350,Wingecarribee,147,Whitlam,0.7467964,Poor,Poor,0
18400,Wollondilly,111,Cunningham,0.000315,Acceptable,Poor,1
18400,Wollondilly,120,Hume,0.9996846,Poor,Poor,0
18400,Wollondilly,127,Macquarie,4.00E-07,Good,Poor,1
18450,Wollongong,111,Cunningham,0.7531454,Acceptable,Poor,0
18450,Wollongong,147,Whitlam,0.2468546,Poor,Poor,0
18500,Woollahra,145,Wentworth,1,Acceptable,Poor,0
18710,Yass Valley,113,Eden-Monaro,1,Good,Poor,0
19399,Unincorporated NSW,134,Parkes,0.5497438,Good,Poor,0
19399,Unincorporated NSW,142,Sydney,0.4502462,Good,Poor,0
19399,Unincorporated NSW,145,Wentworth,1.01E-05,Acceptable,Poor,1
19499,No usual address (NSW),194,No usual address (NSW),1,Good,Poor,0
19799,Migratory - Offshore - Shipping (NSW),197,Migratory - Offshore - Shipping (NSW),1,Good,Poor,0
20110,Alpine,223,Indi,1,Good,Poor,0
20260,Ararat,238,Wannon,1,Good,Poor,0
20570,Ballarat,202,Ballarat,1,Good,Poor,0
20660,Banyule,225,Jagajaga,1,Good,Poor,0
20740,Bass Coast,235,Monash,1,Good,Poor,0
20830,Baw Baw,216,Gippsland,0.000573,Good,Poor,1
20830,Baw Baw,235,Monash,0.999427,Good,Poor,0
20910,Bayside (Vic.),217,Goldstein,1,Acceptable,Poor,0
21010,Benalla,223,Indi,1,Good,Poor,0
21110,Boroondara,220,Higgins,0.121797,Poor,Poor,0
21110,Boroondara,226,Kooyong,0.8782026,Acceptable,Poor,0
21110,Boroondara,234,Menzies,4.00E-07,Acceptable,Poor,1
21180,Brimbank,214,Fraser,0.5093387,Poor,Poor,0
21180,Brimbank,218,Gorton,0.4767102,Poor,Poor,0
21180,Brimbank,231,Maribyrnong,0.0139511,Acceptable,Poor,0
21270,Buloke,230,Mallee,1,Good,Poor,0
21370,Campaspe,236,Nicholls,1,Good,Poor,0
21450,Cardinia,206,Casey,0.0116285,Good,Poor,0
21450,Cardinia,227,La Trobe,0.9883715,Poor,Poor,0
21610,Casey,204,Bruce,0.3430495,Poor,Poor,0
21610,Casey,221,Holt,0.5127197,Poor,Poor,0
21610,Casey,227,La Trobe,0.1442308,Poor,Poor,0
21670,Central Goldfields,230,Mallee,1,Good,Poor,0
21750,Colac Otway,238,Wannon,1,Good,Poor,0
21830,Corangamite,238,Wannon,1,Good,Poor,0
21890,Darebin,208,Cooper,1,Good,Poor,0
22110,East Gippsland,216,Gippsland,1,Good,Poor,0
22170,Frankston,212,Dunkley,1,Acceptable,Poor,0
22250,Gannawarra,230,Mallee,1,Good,Poor,0
22310,Glen Eira,217,Goldstein,0.358639,Acceptable,Poor,0
22310,Glen Eira,220,Higgins,0.2007193,Poor,Poor,0
22310,Glen Eira,222,Hotham,0.2058599,Poor,Poor,0
22310,Glen Eira,229,Macnamara,0.2347818,Poor,Poor,0
22410,Glenelg,238,Wannon,1,Good,Poor,0
22490,Golden Plains,202,Ballarat,0.6215221,Good,Poor,0
22490,Golden Plains,209,Corangamite,0.3784779,Poor,Poor,0
22620,Greater Bendigo,203,Bendigo,1,Good,Poor,0
22670,Greater Dandenong,204,Bruce,0.3115335,Poor,Poor,0
22670,Greater Dandenong,222,Hotham,0.5157183,Poor,Poor,0
22670,Greater Dandenong,224,Isaacs,0.1727482,Poor,Poor,0
22750,Greater Geelong,209,Corangamite,0.4126547,Poor,Poor,0
22750,Greater Geelong,210,Corio,0.5873453,Poor,Poor,0
22830,Greater Shepparton,236,Nicholls,1,Good,Poor,0
22910,Hepburn,202,Ballarat,1,Good,Poor,0
22980,Hindmarsh,230,Mallee,1,Good,Poor,0
23110,Hobsons Bay,215,Gellibrand,1,Poor,Poor,0
23190,Horsham,230,Mallee,1,Good,Poor,0
23270,Hume,205,Calwell,0.7729037,Acceptable,Poor,0
23270,Hume,219,Hawke,0.1661137,Poor,Poor,0
23270,Hume,231,Maribyrnong,0.0609826,Acceptable,Poor,0
23350,Indigo,223,Indi,1,Good,Poor,0
23430,Kingston (Vic.),222,Hotham,0.1576204,Poor,Poor,0
23430,Kingston (Vic.),224,Isaacs,0.8423796,Poor,Poor,0
23670,Knox,201,Aston,1,Good,Poor,0
23810,Latrobe (Vic.),216,Gippsland,0.7745391,Good,Poor,0
23810,Latrobe (Vic.),235,Monash,0.2254609,Good,Poor,0
23940,Loddon,230,Mallee,1,Good,Poor,0
24130,Macedon Ranges,203,Bendigo,0.2073943,Good,Poor,0
24130,Macedon Ranges,232,McEwen,0.7926057,Poor,Poor,0
24210,Manningham,234,Menzies,1,Acceptable,Poor,0
24250,Mansfield,223,Indi,1,Good,Poor,0
24330,Maribyrnong,214,Fraser,0.9062048,Poor,Poor,0
24330,Maribyrnong,215,Gellibrand,0.0937952,Poor,Poor,0
24410,Maroondah,211,Deakin,1,Acceptable,Poor,0
24600,Melbourne,229,Macnamara,0.2084005,Poor,Poor,0
24600,Melbourne,231,Maribyrnong,0.0722735,Acceptable,Poor,0
24600,Melbourne,233,Melbourne,0.719326,Acceptable,Poor,0
24650,Melton,218,Gorton,0.4765875,Poor,Poor,0
24650,Melton,219,Hawke,0.5234125,Poor,Poor,0
24780,Mildura,230,Mallee,1,Good,Poor,0
24850,Mitchell,203,Bendigo,0.0029921,Good,Poor,1
24850,Mitchell,232,McEwen,0.6651677,Poor,Poor,0
24850,Mitchell,236,Nicholls,0.3318402,Good,Poor,0
24900,Moira,236,Nicholls,1,Good,Poor,0
24970,Monash,204,Bruce,0.0237587,Poor,Poor,0
24970,Monash,207,Chisholm,0.6694352,Poor,Poor,0
24970,Monash,222,Hotham,0.3068061,Poor,Poor,0
25060,Moonee Valley,231,Maribyrnong,1,Acceptable,Poor,0
25150,Moorabool,202,Ballarat,0.1690218,Good,Poor,0
25150,Moorabool,219,Hawke,0.8309782,Poor,Poor,0
25250,Moreland,208,Cooper,0.0259434,Good,Poor,0
25250,Moreland,231,Maribyrnong,0.018132,Acceptable,Poor,0
25250,Moreland,233,Melbourne,0.0320008,Acceptable,Poor,0
25250,Moreland,239,Wills,0.9239238,Good,Poor,0
25340,Mornington Peninsula,212,Dunkley,0.1108379,Acceptable,Poor,0
25340,Mornington Peninsula,213,Flinders,0.8891621,Acceptable,Poor,0
25430,Mount Alexander,203,Bendigo,1,Good,Poor,0
25490,Moyne,238,Wannon,1,Good,Poor,0
25620,Murrindindi,223,Indi,1,Good,Poor,0
25710,Nillumbik,225,Jagajaga,0.5189102,Good,Poor,0
25710,Nillumbik,232,McEwen,0.4328836,Poor,Poor,0
25710,Nillumbik,234,Menzies,0.0482062,Acceptable,Poor,0
25810,Northern Grampians,230,Mallee,1,Good,Poor,0
25900,Port Phillip,229,Macnamara,1,Poor,Poor,0
25990,Pyrenees,230,Mallee,0.3291471,Good,Poor,0
25990,Pyrenees,238,Wannon,0.6708529,Good,Poor,0
26080,Queenscliffe,209,Corangamite,1,Poor,Poor,0
26170,South Gippsland,235,Monash,1,Good,Poor,0
26260,Southern Grampians,238,Wannon,1,Good,Poor,0
26350,Stonnington,220,Higgins,1,Poor,Poor,0
26430,Strathbogie,223,Indi,0.526627,Good,Poor,0
26430,Strathbogie,236,Nicholls,0.473373,Good,Poor,0
26490,Surf Coast,209,Corangamite,0.748492,Poor,Poor,0
26490,Surf Coast,238,Wannon,0.251508,Good,Poor,0
26610,Swan Hill,230,Mallee,1,Good,Poor,0
26670,Towong,223,Indi,1,Good,Poor,0
26700,Wangaratta,223,Indi,1,Good,Poor,0
26730,Warrnambool,238,Wannon,1,Good,Poor,0
26810,Wellington,216,Gippsland,0.9999991,Good,Poor,0
26810,Wellington,235,Monash,9.00E-07,Good,Poor,1
26890,West Wimmera,230,Mallee,1,Good,Poor,0
26980,Whitehorse,207,Chisholm,0.331719,Poor,Poor,0
26980,Whitehorse,211,Deakin,0.307507,Acceptable,Poor,0
26980,Whitehorse,226,Kooyong,0.0943142,Acceptable,Poor,0
26980,Whitehorse,234,Menzies,0.2664599,Acceptable,Poor,0
27070,Whittlesea,232,McEwen,0.2574176,Poor,Poor,0
27070,Whittlesea,237,Scullin,0.7425824,Poor,Poor,0
27170,Wodonga,223,Indi,1,Good,Poor,0
27260,Wyndham,215,Gellibrand,0.3103965,Poor,Poor,0
27260,Wyndham,228,Lalor,0.6896035,Poor,Poor,0
27350,Yarra,208,Cooper,0.0361389,Good,Poor,0
27350,Yarra,233,Melbourne,0.9638611,Acceptable,Poor,0
27450,Yarra Ranges,206,Casey,1,Good,Poor,0
27630,Yarriambiack,230,Mallee,1,Good,Poor,0
29399,Unincorporated Vic,213,Flinders,0.144993,Acceptable,Poor,0
29399,Unincorporated Vic,216,Gippsland,1.05E-05,Good,Poor,1
29399,Unincorporated Vic,223,Indi,0.8232997,Good,Poor,0
29399,Unincorporated Vic,235,Monash,0.0316864,Good,Poor,0
29399,Unincorporated Vic,238,Wannon,1.05E-05,Good,Poor,1
29499,No usual address (Vic.),294,No usual address (Vic.),1,Good,Poor,0
29799,Migratory - Offshore - Shipping (Vic.),297,Migratory - Offshore - Shipping (Vic.),1,Good,Poor,0
30250,Aurukun,318,Leichhardt,1,Acceptable,Poor,0
30300,Balonne,321,Maranoa,1,Acceptable,Poor,0
30370,Banana,311,Flynn,1,Acceptable,Poor,0
30410,Barcaldine,321,Maranoa,1,Acceptable,Poor,0
30450,Barcoo,321,Maranoa,1,Acceptable,Poor,0
30760,Blackall Tambo,321,Maranoa,1,Acceptable,Poor,0
30900,Boulia,317,Kennedy,1,Acceptable,Poor,0
31000,Brisbane,301,Blair,0.0049176,Poor,Poor,1
31000,Brisbane,302,Bonner,0.1311234,Poor,Poor,0
31000,Brisbane,304,Brisbane,0.1474118,Poor,Poor,0
31000,Brisbane,307,Dickson,0.0049931,Poor,Poor,1
31000,Brisbane,313,Griffith,0.1428459,Poor,Poor,0
31000,Brisbane,319,Lilley,0.1299388,Poor,Poor,0
31000,Brisbane,324,Moreton,0.135503,Poor,Poor,0
31000,Brisbane,325,Oxley,0.0934954,Poor,Poor,0
31000,Brisbane,326,Petrie,0.0392906,Poor,Poor,0
31000,Brisbane,327,Rankin,0.0386377,Poor,Poor,0
31000,Brisbane,328,Ryan,0.1318429,Poor,Poor,0
31750,Bulloo,321,Maranoa,1,Acceptable,Poor,0
31820,Bundaberg,311,Flynn,0.1670963,Acceptable,Poor,0
31820,Bundaberg,316,Hinkler,0.8329037,Acceptable,Poor,0
31900,Burdekin,306,Dawson,0.9885846,Poor,Poor,0
31900,Burdekin,317,Kennedy,0.0114154,Acceptable,Poor,0
31950,Burke,317,Kennedy,1,Acceptable,Poor,0
32080,Cairns,317,Kennedy,0.1993413,Acceptable,Poor,0
32080,Cairns,318,Leichhardt,0.8006587,Acceptable,Poor,0
32250,Carpentaria,317,Kennedy,0.9918145,Acceptable,Poor,0
32250,Carpentaria,318,Leichhardt,0.0081855,Acceptable,Poor,1
32260,Cassowary Coast,317,Kennedy,1,Acceptable,Poor,0
32270,Central Highlands (Qld),311,Flynn,1,Acceptable,Poor,0
32310,Charters Towers,317,Kennedy,1,Acceptable,Poor,0
32330,Cherbourg,329,Wide Bay,1,Acceptable,Poor,0
32450,Cloncurry,317,Kennedy,1,Acceptable,Poor,0
32500,Cook,318,Leichhardt,1,Acceptable,Poor,0
32600,Croydon,317,Kennedy,1,Acceptable,Poor,0
32750,Diamantina,321,Maranoa,1,Acceptable,Poor,0
32770,Doomadgee,317,Kennedy,1,Acceptable,Poor,0
32810,Douglas,318,Leichhardt,1,Acceptable,Poor,0
33100,Etheridge,317,Kennedy,1,Acceptable,Poor,0
33200,Flinders (Qld),317,Kennedy,1,Acceptable,Poor,0
33220,Fraser Coast,316,Hinkler,0.6657222,Acceptable,Poor,0
33220,Fraser Coast,329,Wide Bay,0.3342778,Acceptable,Poor,0
33360,Gladstone,311,Flynn,1,Acceptable,Poor,0
33430,Gold Coast,308,Fadden,0.3113927,Poor,Poor,0
33430,Gold Coast,312,Forde,0.0806842,Poor,Poor,0
33430,Gold Coast,322,McPherson,0.2617513,Poor,Poor,0
33430,Gold Coast,323,Moncrieff,0.2913031,Poor,Poor,0
33430,Gold Coast,330,Wright,0.0548687,Poor,Poor,0
33610,Goondiwindi,321,Maranoa,1,Acceptable,Poor,0
33620,Gympie,329,Wide Bay,1,Acceptable,Poor,0
33800,Hinchinbrook,315,Herbert,0.0033027,Acceptable,Poor,1
33800,Hinchinbrook,317,Kennedy,0.9966973,Acceptable,Poor,0
33830,Hope Vale,318,Leichhardt,1,Acceptable,Poor,0
33960,Ipswich,301,Blair,0.692689,Poor,Poor,0
33960,Ipswich,325,Oxley,0.3073109,Poor,Poor,0
33960,Ipswich,330,Wright,1.00E-07,Poor,Poor,1
33980,Isaac,305,Capricornia,1,Poor,Poor,0
34420,Kowanyama,318,Leichhardt,1,Acceptable,Poor,0
34530,Livingstone,305,Capricornia,0.999999,Poor,Poor,0
34530,Livingstone,311,Flynn,1.00E-06,Acceptable,Poor,1
34570,Lockhart River,318,Leichhardt,1,Acceptable,Poor,0
34580,Lockyer Valley,330,Wright,1,Poor,Poor,0
34590,Logan,312,Forde,0.4140067,Poor,Poor,0
34590,Logan,327,Rankin,0.4025969,Poor,Poor,0
34590,Logan,330,Wright,0.1833964,Poor,Poor,0
34710,Longreach,321,Maranoa,1,Acceptable,Poor,0
34770,Mackay,305,Capricornia,0.2843412,Poor,Poor,0
34770,Mackay,306,Dawson,0.7156588,Poor,Poor,0
34800,McKinlay,317,Kennedy,1,Acceptable,Poor,0
34830,Mapoon,318,Leichhardt,1,Acceptable,Poor,0
34860,Maranoa,321,Maranoa,1,Acceptable,Poor,0
34880,Mareeba,317,Kennedy,0.7965738,Acceptable,Poor,0
34880,Mareeba,318,Leichhardt,0.2034262,Acceptable,Poor,0
35010,Moreton Bay,307,Dickson,0.3220839,Poor,Poor,0
35010,Moreton Bay,320,Longman,0.3913839,Poor,Poor,0
35010,Moreton Bay,326,Petrie,0.2865322,Poor,Poor,0
35250,Mornington,317,Kennedy,1,Acceptable,Poor,0
35300,Mount Isa,317,Kennedy,1,Acceptable,Poor,0
35600,Murweh,321,Maranoa,1,Acceptable,Poor,0
35670,Napranum,318,Leichhardt,1,Acceptable,Poor,0
35740,Noosa,329,Wide Bay,1,Acceptable,Poor,0
35760,North Burnett,311,Flynn,1,Acceptable,Poor,0
35780,Northern Peninsula Area,318,Leichhardt,1,Acceptable,Poor,0
35790,Palm Island,315,Herbert,1,Acceptable,Poor,0
35800,Paroo,321,Maranoa,1,Acceptable,Poor,0
36070,Pormpuraaw,318,Leichhardt,1,Acceptable,Poor,0
36150,Quilpie,321,Maranoa,1,Acceptable,Poor,0
36250,Redland,303,Bowman,1,Good,Poor,0
36300,Richmond,317,Kennedy,1,Acceptable,Poor,0
36370,Rockhampton,305,Capricornia,0.7510136,Poor,Poor,0
36370,Rockhampton,311,Flynn,0.2489864,Acceptable,Poor,0
36510,Scenic Rim,330,Wright,1,Poor,Poor,0
36580,Somerset,301,Blair,1,Poor,Poor,0
36630,South Burnett,311,Flynn,0.145443,Acceptable,Poor,0
36630,South Burnett,321,Maranoa,0.7475107,Acceptable,Poor,0
36630,South Burnett,329,Wide Bay,0.1070463,Acceptable,Poor,0
36660,Southern Downs,321,Maranoa,1,Acceptable,Poor,0
36720,Sunshine Coast,309,Fairfax,0.4946252,Poor,Poor,0
36720,Sunshine Coast,310,Fisher,0.5027523,Poor,Poor,0
36720,Sunshine Coast,320,Longman,3.00E-07,Poor,Poor,1
36720,Sunshine Coast,329,Wide Bay,0.0026223,Acceptable,Poor,1
36820,Tablelands,317,Kennedy,1,Acceptable,Poor,0
36910,Toowoomba,314,Groom,0.928884,Good,Poor,0
36910,Toowoomba,321,Maranoa,0.071116,Acceptable,Poor,0
36950,Torres,318,Leichhardt,1,Acceptable,Poor,0
36960,Torres Strait Island,318,Leichhardt,1,Acceptable,Poor,0
37010,Townsville,306,Dawson,0.121854,Poor,Poor,0
37010,Townsville,315,Herbert,0.8400632,Acceptable,Poor,0
37010,Townsville,317,Kennedy,0.0380828,Acceptable,Poor,0
37300,Weipa,318,Leichhardt,1,Acceptable,Poor,0
37310,Western Downs,311,Flynn,3.00E-07,Acceptable,Poor,1
37310,Western Downs,321,Maranoa,0.9999997,Acceptable,Poor,0
37340,Whitsunday,305,Capricornia,0.0569251,Poor,Poor,0
37340,Whitsunday,306,Dawson,0.9430749,Poor,Poor,0
37400,Winton,321,Maranoa,1,Acceptable,Poor,0
37550,Woorabinda,311,Flynn,1,Acceptable,Poor,0
37570,Wujal Wujal,318,Leichhardt,1,Acceptable,Poor,0
37600,Yarrabah,317,Kennedy,0.999996,Acceptable,Poor,0
37600,Yarrabah,318,Leichhardt,4.00E-06,Acceptable,Poor,1
39499,No usual address (Qld),394,No usual address (Qld),1,Good,Poor,0
39799,Migratory - Offshore - Shipping (Qld),397,Migratory - Offshore - Shipping (Qld),1,Good,Poor,0
40070,Adelaide,401,Adelaide,1,Poor,Poor,0
40120,Adelaide Hills,408,Mayo,0.9567695,Acceptable,Poor,0
40120,Adelaide Hills,410,Sturt,0.0432305,Acceptable,Poor,0
40150,Adelaide Plains,404,Grey,1,Good,Poor,0
40220,Alexandrina,408,Mayo,1,Acceptable,Poor,0
40250,Anangu Pitjantjatjara Yunkunytjatjara,404,Grey,1,Good,Poor,0
40310,Barossa,402,Barker,0.9777356,Good,Poor,0
40310,Barossa,409,Spence,0.0222644,Acceptable,Poor,0
40430,Barunga West,404,Grey,1,Good,Poor,0
40520,Berri Barmera,402,Barker,1,Good,Poor,0
40700,Burnside,401,Adelaide,0.0154641,Poor,Poor,0
40700,Burnside,410,Sturt,0.9845359,Acceptable,Poor,0
40910,Campbelltown (SA),410,Sturt,1,Acceptable,Poor,0
41010,Ceduna,404,Grey,1,Good,Poor,0
41060,Charles Sturt,401,Adelaide,0.1825079,Poor,Poor,0
41060,Charles Sturt,405,Hindmarsh,0.8174921,Poor,Poor,0
41140,Clare and Gilbert Valleys,404,Grey,1,Good,Poor,0
41190,Cleve,404,Grey,1,Good,Poor,0
41330,Coober Pedy,404,Grey,1,Good,Poor,0
41560,Copper Coast,404,Grey,1,Good,Poor,0
41750,Elliston,404,Grey,1,Good,Poor,0
41830,Flinders Ranges,404,Grey,1,Good,Poor,0
41960,Franklin Harbour,404,Grey,1,Good,Poor,0
42030,Gawler,409,Spence,1,Acceptable,Poor,0
42110,Goyder,404,Grey,1,Good,Poor,0
42250,Grant,402,Barker,1,Good,Poor,0
42600,Holdfast Bay,403,Boothby,1,Acceptable,Poor,0
42750,Kangaroo Island,408,Mayo,1,Acceptable,Poor,0
43080,Karoonda East Murray,402,Barker,1,Good,Poor,0
43220,Kimba,404,Grey,1,Good,Poor,0
43360,Kingston (SA),402,Barker,1,Good,Poor,0
43650,Light,402,Barker,0.57241,Good,Poor,0
43650,Light,404,Grey,0.1602416,Good,Poor,0
43650,Light,409,Spence,0.2673484,Acceptable,Poor,0
43710,Lower Eyre Peninsula,404,Grey,1,Good,Poor,0
43790,Loxton Waikerie,402,Barker,1,Good,Poor,0
44000,Maralinga Tjarutja,404,Grey,1,Good,Poor,0
44060,Marion,403,Boothby,0.7599817,Acceptable,Poor,0
44060,Marion,406,Kingston,0.2400183,Poor,Poor,0
44210,Mid Murray,402,Barker,1,Good,Poor,0
44340,Mitcham,403,Boothby,0.8819716,Acceptable,Poor,0
44340,Mitcham,408,Mayo,0.1180284,Acceptable,Poor,0
44550,Mount Barker,408,Mayo,1,Acceptable,Poor,0
44620,Mount Gambier,402,Barker,1,Good,Poor,0
44830,Mount Remarkable,404,Grey,1,Good,Poor,0
45040,Murray Bridge,402,Barker,1,Good,Poor,0
45090,Naracoorte Lucindale,402,Barker,1,Good,Poor,0
45120,Northern Areas,404,Grey,1,Good,Poor,0
45290,Norwood Payneham and St Peters,410,Sturt,1,Acceptable,Poor,0
45340,Onkaparinga,406,Kingston,0.8182938,Poor,Poor,0
45340,Onkaparinga,408,Mayo,0.1817062,Acceptable,Poor,0
45400,Orroroo Carrieton,404,Grey,1,Good,Poor,0
45540,Peterborough,404,Grey,1,Good,Poor,0
45680,Playford,409,Spence,1,Acceptable,Poor,0
45890,Port Adelaide Enfield,401,Adelaide,0.472302,Poor,Poor,0
45890,Port Adelaide Enfield,405,Hindmarsh,0.3143466,Poor,Poor,0
45890,Port Adelaide Enfield,407,Makin,0.0386444,Poor,Poor,0
45890,Port Adelaide Enfield,410,Sturt,0.174707,Acceptable,Poor,0
46090,Port Augusta,404,Grey,1,Good,Poor,0
46300,Port Lincoln,404,Grey,1,Good,Poor,0
46450,Port Pirie,404,Grey,1,Good,Poor,0
46510,Prospect,401,Adelaide,1,Poor,Poor,0
46670,Renmark Paringa,402,Barker,1,Good,Poor,0
46860,Robe,402,Barker,1,Good,Poor,0
46970,Roxby Downs,404,Grey,1,Good,Poor,0
47140,Salisbury,407,Makin,0.5936883,Poor,Poor,0
47140,Salisbury,409,Spence,0.4063117,Acceptable,Poor,0
47290,Southern Mallee,402,Barker,1,Good,Poor,0
47490,Streaky Bay,404,Grey,1,Good,Poor,0
47630,Tatiara,402,Barker,1,Good,Poor,0
47700,Tea Tree Gully,407,Makin,0.8114546,Poor,Poor,0
47700,Tea Tree Gully,410,Sturt,0.1885454,Acceptable,Poor,0
47800,Coorong,402,Barker,1,Good,Poor,0
47910,Tumby Bay,404,Grey,1,Good,Poor,0
47980,Unley,401,Adelaide,0.6842872,Poor,Poor,0
47980,Unley,403,Boothby,0.1672503,Acceptable,Poor,0
47980,Unley,410,Sturt,0.1484624,Acceptable,Poor,0
48050,Victor Harbor,408,Mayo,1,Acceptable,Poor,0
48130,Wakefield,404,Grey,1,Good,Poor,0
48260,Walkerville,401,Adelaide,1,Poor,Poor,0
48340,Wattle Range,402,Barker,1,Good,Poor,0
48410,West Torrens,401,Adelaide,0.493091,Poor,Poor,0
48410,West Torrens,405,Hindmarsh,0.506909,Poor,Poor,0
48540,Whyalla,404,Grey,1,Good,Poor,0
48640,Wudinna,404,Grey,1,Good,Poor,0
48750,Yankalilla,408,Mayo,1,Acceptable,Poor,0
48830,Yorke Peninsula,404,Grey,1,Good,Poor,0
49399,Unincorporated SA,402,Barker,0.0325854,Good,Poor,0
49399,Unincorporated SA,404,Grey,0.9660563,Good,Poor,0
49399,Unincorporated SA,405,Hindmarsh,0.0013583,Poor,Poor,1
49499,No usual address (SA),494,No usual address (SA),1,Good,Poor,0
49799,Migratory - Offshore - Shipping (SA),497,Migratory - Offshore - Shipping (SA),1,Good,Poor,0
50080,Albany,511,O'Connor,1,Good,Poor,0
50210,Armadale,502,Burt,0.8604628,Acceptable,Poor,0
50210,Armadale,503,Canning,0.1395372,Good,Poor,0
50250,Ashburton,506,Durack,1,Good,Poor,0
50280,Augusta Margaret River,507,Forrest,1,Good,Poor,0
50350,Bassendean,513,Perth,1,Poor,Poor,0
50420,Bayswater,504,Cowan,0.3156756,Poor,Poor,0
50420,Bayswater,513,Perth,0.6843244,Poor,Poor,0
50490,Belmont,509,Hasluck,2.00E-07,Acceptable,Poor,1
50490,Belmont,514,Swan,0.9999998,Acceptable,Poor,0
50560,Beverley,511,O'Connor,1,Good,Poor,0
50630,Boddington,511,O'Connor,1,Good,Poor,0
50770,Boyup Brook,511,O'Connor,1,Good,Poor,0
50840,Bridgetown-Greenbushes,511,O'Connor,1,Good,Poor,0
50910,Brookton,511,O'Connor,1,Good,Poor,0
50980,Broome,506,Durack,1,Good,Poor,0
51080,Broomehill-Tambellup,511,O'Connor,1,Good,Poor,0
51120,Bruce Rock,511,O'Connor,1,Good,Poor,0
51190,Bunbury,507,Forrest,1,Good,Poor,0
51260,Busselton,507,Forrest,1,Good,Poor,0
51310,Cambridge,505,Curtin,1,Poor,Poor,0
51330,Canning,514,Swan,0.3225586,Acceptable,Poor,0
51330,Canning,515,Tangney,0.6774414,Poor,Poor,0
51400,Capel,507,Forrest,1,Good,Poor,0
51470,Carnamah,506,Durack,1,Good,Poor,0
51540,Carnarvon,506,Durack,1,Good,Poor,0
51610,Chapman Valley,506,Durack,1,Good,Poor,0
51680,Chittering,506,Durack,1,Good,Poor,0
51710,Christmas Island,701,Lingiari,1,Good,Poor,0
51750,Claremont,505,Curtin,1,Poor,Poor,0
51820,Cockburn,501,Brand,2.00E-07,Good,Poor,1
51820,Cockburn,508,Fremantle,0.9823207,Good,Poor,0
51820,Cockburn,515,Tangney,0.0176791,Poor,Poor,0
51860,Cocos Islands,701,Lingiari,1,Good,Poor,0
51890,Collie,511,O'Connor,1,Good,Poor,0
51960,Coolgardie,511,O'Connor,1,Good,Poor,0
52030,Coorow,506,Durack,1,Good,Poor,0
52100,Corrigin,511,O'Connor,1,Good,Poor,0
52170,Cottesloe,505,Curtin,1,Poor,Poor,0
52240,Cranbrook,511,O'Connor,1,Good,Poor,0
52310,Cuballing,511,O'Connor,1,Good,Poor,0
52380,Cue,506,Durack,1,Good,Poor,0
52450,Cunderdin,511,O'Connor,1,Good,Poor,0
52520,Dalwallinu,506,Durack,1,Good,Poor,0
52590,Dandaragan,506,Durack,1,Good,Poor,0
52660,Dardanup,507,Forrest,1,Good,Poor,0
52730,Denmark,511,O'Connor,1,Good,Poor,0
52800,Derby-West Kimberley,506,Durack,1,Good,Poor,0
52870,Donnybrook-Balingup,507,Forrest,1,Good,Poor,0
52940,Dowerin,506,Durack,1,Good,Poor,0
53010,Dumbleyung,511,O'Connor,1,Good,Poor,0
53080,Dundas,511,O'Connor,1,Good,Poor,0
53150,East Fremantle,508,Fremantle,1,Good,Poor,0
53220,East Pilbara,506,Durack,1,Good,Poor,0
53290,Esperance,511,O'Connor,1,Good,Poor,0
53360,Exmouth,506,Durack,1,Good,Poor,0
53430,Fremantle,508,Fremantle,1,Good,Poor,0
53570,Gingin,506,Durack,1,Good,Poor,0
53640,Gnowangerup,511,O'Connor,1,Good,Poor,0
53710,Goomalling,506,Durack,1,Good,Poor,0
53780,Gosnells,502,Burt,0.8015565,Acceptable,Poor,0
53780,Gosnells,503,Canning,0.0055691,Good,Poor,1
53780,Gosnells,515,Tangney,0.1928744,Poor,Poor,0
53800,Greater Geraldton,506,Durack,1,Good,Poor,0
53920,Halls Creek,506,Durack,1,Good,Poor,0
53990,Harvey,507,Forrest,1,Good,Poor,0
54060,Irwin,506,Durack,1,Good,Poor,0
54130,Jerramungup,511,O'Connor,1,Good,Poor,0
54170,Joondalup,504,Cowan,0.0857968,Poor,Poor,0
54170,Joondalup,510,Moore,0.9142032,Acceptable,Poor,0
54200,Kalamunda,503,Canning,0.0230809,Good,Poor,0
54200,Kalamunda,509,Hasluck,0.3570122,Acceptable,Poor,0
54200,Kalamunda,514,Swan,0.6199069,Acceptable,Poor,0
54280,Kalgoorlie-Boulder,511,O'Connor,1,Good,Poor,0
54310,Karratha,506,Durack,1,Good,Poor,0
54340,Katanning,511,O'Connor,1,Good,Poor,0
54410,Kellerberrin,511,O'Connor,1,Good,Poor,0
54480,Kent,511,O'Connor,1,Good,Poor,0
54550,Kojonup,511,O'Connor,1,Good,Poor,0
54620,Kondinin,511,O'Connor,1,Good,Poor,0
54690,Koorda,511,O'Connor,1,Good,Poor,0
54760,Kulin,511,O'Connor,1,Good,Poor,0
54830,Kwinana,501,Brand,1,Good,Poor,0
54900,Lake Grace,511,O'Connor,1,Good,Poor,0
54970,Laverton,511,O'Connor,1,Good,Poor,0
55040,Leonora,511,O'Connor,1,Good,Poor,0
55110,Mandurah,503,Canning,1,Good,Poor,0
55180,Manjimup,511,O'Connor,1,Good,Poor,0
55250,Meekatharra,506,Durack,1,Good,Poor,0
55320,Melville,508,Fremantle,0.1069431,Good,Poor,0
55320,Melville,515,Tangney,0.8930569,Poor,Poor,0
55390,Menzies,511,O'Connor,1,Good,Poor,0
55460,Merredin,511,O'Connor,1,Good,Poor,0
55530,Mingenew,506,Durack,1,Good,Poor,0
55600,Moora,506,Durack,1,Good,Poor,0
55670,Morawa,506,Durack,1,Good,Poor,0
55740,Mosman Park,505,Curtin,1,Poor,Poor,0
55810,Mount Magnet,506,Durack,1,Good,Poor,0
55880,Mount Marshall,511,O'Connor,1,Good,Poor,0
55950,Mukinbudin,511,O'Connor,1,Good,Poor,0
56090,Mundaring,509,Hasluck,1,Acceptable,Poor,0
56160,Murchison,506,Durack,1,Good,Poor,0
56230,Murray,503,Canning,1,Good,Poor,0
56300,Nannup,511,O'Connor,1,Good,Poor,0
56370,Narembeen,511,O'Connor,1,Good,Poor,0
56460,Narrogin,511,O'Connor,1,Good,Poor,0
56580,Nedlands,505,Curtin,1,Poor,Poor,0
56620,Ngaanyatjarraku,511,O'Connor,1,Good,Poor,0
56730,Northam,506,Durack,1,Good,Poor,0
56790,Northampton,506,Durack,1,Good,Poor,0
56860,Nungarin,511,O'Connor,1,Good,Poor,0
56930,Peppermint Grove,505,Curtin,1,Poor,Poor,0
57000,Perenjori,506,Durack,1,Good,Poor,0
57080,Perth,505,Curtin,0.1690978,Poor,Poor,0
57080,Perth,513,Perth,0.8309022,Poor,Poor,0
57140,Pingelly,511,O'Connor,1,Good,Poor,0
57210,Plantagenet,511,O'Connor,1,Good,Poor,0
57280,Port Hedland,506,Durack,1,Good,Poor,0
57350,Quairading,511,O'Connor,1,Good,Poor,0
57420,Ravensthorpe,511,O'Connor,1,Good,Poor,0
57490,Rockingham,501,Brand,1,Good,Poor,0
57630,Sandstone,506,Durack,1,Good,Poor,0
57700,Serpentine-Jarrahdale,503,Canning,1,Good,Poor,0
57770,Shark Bay,506,Durack,1,Good,Poor,0
57840,South Perth,514,Swan,1,Acceptable,Poor,0
57910,Stirling,504,Cowan,0.3573117,Poor,Poor,0
57910,Stirling,505,Curtin,0.3085775,Poor,Poor,0
57910,Stirling,510,Moore,0.075952,Acceptable,Poor,0
57910,Stirling,513,Perth,0.2581588,Poor,Poor,0
57980,Subiaco,505,Curtin,1,Poor,Poor,0
58050,Swan,504,Cowan,0.2134444,Poor,Poor,0
58050,Swan,506,Durack,0.0366454,Good,Poor,0
58050,Swan,509,Hasluck,0.749208,Acceptable,Poor,0
58050,Swan,512,Pearce,0.0006622,Acceptable,Poor,1
58050,Swan,514,Swan,4.01E-05,Acceptable,Poor,1
58190,Tammin,511,O'Connor,1,Good,Poor,0
58260,Three Springs,506,Durack,1,Good,Poor,0
58330,Toodyay,506,Durack,1,Good,Poor,0
58400,Trayning,511,O'Connor,1,Good,Poor,0
58470,Upper Gascoyne,506,Durack,1,Good,Poor,0
58510,Victoria Park,514,Swan,1,Acceptable,Poor,0
58540,Victoria Plains,506,Durack,1,Good,Poor,0
58570,Vincent,513,Perth,1,Poor,Poor,0
58610,Wagin,511,O'Connor,1,Good,Poor,0
58680,Wandering,511,O'Connor,1,Good,Poor,0
58760,Wanneroo,504,Cowan,0.1486863,Poor,Poor,0
58760,Wanneroo,510,Moore,0.0030325,Acceptable,Poor,1
58760,Wanneroo,512,Pearce,0.8482811,Acceptable,Poor,0
58820,Waroona,503,Canning,1,Good,Poor,0
58890,West Arthur,511,O'Connor,1,Good,Poor,0
59030,Westonia,511,O'Connor,1,Good,Poor,0
59100,Wickepin,511,O'Connor,1,Good,Poor,0
59170,Williams,511,O'Connor,1,Good,Poor,0
59250,Wiluna,511,O'Connor,1,Good,Poor,0
59310,Wongan-Ballidu,506,Durack,1,Good,Poor,0
59320,Woodanilling,511,O'Connor,1,Good,Poor,0
59330,Wyalkatchem,511,O'Connor,1,Good,Poor,0
59340,Wyndham-East Kimberley,506,Durack,1,Good,Poor,0
59350,Yalgoo,506,Durack,1,Good,Poor,0
59360,Yilgarn,511,O'Connor,1,Good,Poor,0
59370,York,506,Durack,1,Good,Poor,0
59499,No usual address (WA),594,No usual address (WA),1,Good,Poor,0
59799,Migratory - Offshore - Shipping (WA),597,Migratory - Offshore - Shipping (WA),1,Good,Poor,0
60210,Break O'Day,601,Bass,1.18E-05,Good,Poor,1
60210,Break O'Day,605,Lyons,0.9999882,Good,Poor,0
60410,Brighton,605,Lyons,1,Good,Poor,0
60610,Burnie,602,Braddon,1,Good,Poor,0
60810,Central Coast (Tas.),602,Braddon,1,Good,Poor,0
61010,Central Highlands (Tas.),605,Lyons,1,Good,Poor,0
61210,Circular Head,602,Braddon,1,Good,Poor,0
61410,Clarence,604,Franklin,0.9710114,Good,Poor,0
61410,Clarence,605,Lyons,0.0289886,Good,Poor,0
61510,Derwent Valley,605,Lyons,1,Good,Poor,0
61610,Devonport,602,Braddon,1,Good,Poor,0
61810,Dorset,601,Bass,1,Good,Poor,0
62010,Flinders (Tas.),601,Bass,1,Good,Poor,0
62210,George Town,601,Bass,1,Good,Poor,0
62410,Glamorgan-Spring Bay,605,Lyons,1,Good,Poor,0
62610,Glenorchy,603,Clark,1,Good,Poor,0
62810,Hobart,603,Clark,1,Good,Poor,0
63010,Huon Valley,604,Franklin,1,Good,Poor,0
63210,Kentish,605,Lyons,1,Good,Poor,0
63410,King Island,602,Braddon,1,Good,Poor,0
63610,Kingborough,603,Clark,0.1557203,Good,Poor,0
63610,Kingborough,604,Franklin,0.8442797,Good,Poor,0
63810,Latrobe (Tas.),602,Braddon,1,Good,Poor,0
64010,Launceston,601,Bass,1,Good,Poor,0
64210,Meander Valley,601,Bass,5.00E-07,Good,Poor,1
64210,Meander Valley,605,Lyons,0.9999995,Good,Poor,0
64610,Northern Midlands,605,Lyons,1,Good,Poor,0
64810,Sorell,604,Franklin,6.00E-07,Good,Poor,1
64810,Sorell,605,Lyons,0.9999994,Good,Poor,0
65010,Southern Midlands,605,Lyons,1,Good,Poor,0
65210,Tasman,605,Lyons,1,Good,Poor,0
65410,Waratah-Wynyard,602,Braddon,1,Good,Poor,0
65610,West Coast,602,Braddon,1,Good,Poor,0
65810,West Tamar,601,Bass,0.9999992,Good,Poor,0
65810,West Tamar,605,Lyons,8.00E-07,Good,Poor,1
69499,No usual address (Tas.),694,No usual address (Tas.),1,Good,Poor,0
69799,Migratory - Offshore - Shipping (Tas.),697,Migratory - Offshore - Shipping (Tas.),1,Good,Poor,0
70200,Alice Springs,701,Lingiari,1,Good,Poor,0
70420,Barkly,701,Lingiari,1,Good,Poor,0
70540,Belyuen,701,Lingiari,1,Good,Poor,0
70620,Central Desert,701,Lingiari,1,Good,Poor,0
70700,Coomalie,701,Lingiari,1,Good,Poor,0
71000,Darwin,702,Solomon,1,Good,Poor,0
71150,Darwin Waterfront Precinct,702,Solomon,1,Good,Poor,0
71300,East Arnhem,701,Lingiari,1,Good,Poor,0
72200,Katherine,701,Lingiari,1,Good,Poor,0
72300,Litchfield,701,Lingiari,1,Good,Poor,0
72330,MacDonnell,701,Lingiari,1,Good,Poor,0
72800,Palmerston,701,Lingiari,0.2206447,Good,Poor,0
72800,Palmerston,702,Solomon,0.7793553,Good,Poor,0
73600,Roper Gulf,701,Lingiari,1,Good,Poor,0
74050,Tiwi Islands,701,Lingiari,1,Good,Poor,0
74550,Victoria Daly,701,Lingiari,1,Good,Poor,0
74560,Wagait,701,Lingiari,1,Good,Poor,0
74660,West Arnhem,701,Lingiari,1,Good,Poor,0
74680,West Daly,701,Lingiari,1,Good,Poor,0
79399,Unincorporated NT,701,Lingiari,0.938725,Good,Poor,0
79399,Unincorporated NT,702,Solomon,0.061275,Good,Poor,0
79499,No usual address (NT),794,No usual address (NT),1,Good,Poor,0
79799,Migratory - Offshore - Shipping (NT),797,Migratory - Offshore - Shipping (NT),1,Good,Poor,0
89399,Unincorporated ACT,801,Bean,0.3311986,Poor,Poor,0
89399,Unincorporated ACT,802,Canberra,0.3207808,Poor,Poor,0
89399,Unincorporated ACT,803,Fenner,0.3480206,Poor,Poor,0
89499,No usual address (ACT),894,No usual address (ACT),1,Good,Poor,0
89799,Migratory - Offshore - Shipping (ACT),897,Migratory - Offshore - Shipping (ACT),1,Good,Poor,0
99399,Unincorp. Other Territories,801,Bean,0.8764507,Poor,Poor,0
99399,Unincorp. Other Territories,803,Fenner,0.1235493,Poor,Poor,0
99499,No usual address (OT),994,No usual address (OT),1,Good,Poor,0
99799,Migratory - Offshore - Shipping (OT),997,Migratory - Offshore - Shipping (OT),1,Good,Poor,0
ZZZZZ,Outside Australia,ZZZ,Outside Australia,1,Good,Poor,0
