SA4_CODE_2021,SA4_NAME_2021,IREG_CODE_2021,IREG_NAME_2021,RATIO_FROM_TO,INDIV_TO_REGION_QLTY_INDICATOR,OVERALL_QUALITY_INDICATOR,BMOS_NULL_FLAG
101,Capital Region,105,Riverina - Orange,0.0695689,Good,Good,0
101,Capital Region,106,South-Eastern NSW,0.9304311,Good,Good,0
102,Central Coast,104,NSW Central and North Coast,1,Good,Good,0
103,Central West,101,Dubbo,0.0665738,Poor,Good,0
103,Central West,105,Riverina - Orange,0.9334262,Good,Good,0
104,Coffs Harbour - Grafton,104,NSW Central and North Coast,1,Good,Good,0
105,Far West and Orana,101,Dubbo,0.6826083,Poor,Good,0
105,Far West and Orana,103,North-Western NSW,0.3173917,Poor,Good,0
106,Hunter Valley exc Newcastle,102,North-Eastern NSW,0.1047799,Acceptable,Good,0
106,Hunter Valley exc Newcastle,104,NSW Central and North Coast,0.8952201,Good,Good,0
107,Illawarra,106,South-Eastern NSW,2.68E-05,Good,Good,1
107,Illawarra,107,Sydney - Wollongong,0.9999732,Good,Good,0
108,Mid North Coast,104,NSW Central and North Coast,0.9980681,Good,Good,0
108,Mid North Coast,107,Sydney - Wollongong,0.0019319,Good,Good,1
109,Murray,105,Riverina - Orange,1,Good,Good,0
110,New England and North West,102,North-Eastern NSW,1,Acceptable,Good,0
111,Newcastle and Lake Macquarie,104,NSW Central and North Coast,1,Good,Good,0
112,Richmond - Tweed,104,NSW Central and North Coast,1,Good,Good,0
113,Riverina,105,Riverina - Orange,1,Good,Good,0
114,Southern Highlands and Shoalhaven,106,South-Eastern NSW,1,Good,Good,0
115,Sydney - Baulkham Hills and Hawkesbury,107,Sydney - Wollongong,1,Good,Good,0
116,Sydney - Blacktown,107,Sydney - Wollongong,1,Good,Good,0
117,Sydney - City and Inner South,107,Sydney - Wollongong,1,Good,Good,0
118,Sydney - Eastern Suburbs,107,Sydney - Wollongong,1,Good,Good,0
119,Sydney - Inner South West,107,Sydney - Wollongong,1,Good,Good,0
120,Sydney - Inner West,107,Sydney - Wollongong,1,Good,Good,0
121,Sydney - North Sydney and Hornsby,107,Sydney - Wollongong,1,Good,Good,0
122,Sydney - Northern Beaches,107,Sydney - Wollongong,1,Good,Good,0
123,Sydney - Outer South West,107,Sydney - Wollongong,1,Good,Good,0
124,Sydney - Outer West and Blue Mountains,107,Sydney - Wollongong,1,Good,Good,0
125,Sydney - Parramatta,107,Sydney - Wollongong,1,Good,Good,0
126,Sydney - Ryde,107,Sydney - Wollongong,1,Good,Good,0
127,Sydney - South West,107,Sydney - Wollongong,1,Good,Good,0
128,Sydney - Sutherland,107,Sydney - Wollongong,1,Good,Good,0
197,Migratory - Offshore - Shipping (NSW),197,Migratory - Offshore - Shipping (NSW),1,Good,Good,0
199,No usual address (NSW),194,No usual address (NSW),1,Good,Good,0
201,Ballarat,202,Victoria exc. Melbourne,1,Good,Good,0
202,Bendigo,202,Victoria exc. Melbourne,1,Good,Good,0
203,Geelong,202,Victoria exc. Melbourne,1,Good,Good,0
204,Hume,201,Melbourne,0.0013089,Good,Good,1
204,Hume,202,Victoria exc. Melbourne,0.9986911,Good,Good,0
205,Latrobe - Gippsland,202,Victoria exc. Melbourne,1,Good,Good,0
206,Melbourne - Inner,201,Melbourne,1,Good,Good,0
207,Melbourne - Inner East,201,Melbourne,1,Good,Good,0
208,Melbourne - Inner South,201,Melbourne,1,Good,Good,0
209,Melbourne - North East,201,Melbourne,0.9503958,Good,Good,0
209,Melbourne - North East,202,Victoria exc. Melbourne,0.0496042,Good,Good,0
210,Melbourne - North West,201,Melbourne,0.9223085,Good,Good,0
210,Melbourne - North West,202,Victoria exc. Melbourne,0.0776915,Good,Good,0
211,Melbourne - Outer East,201,Melbourne,1,Good,Good,0
212,Melbourne - South East,201,Melbourne,1,Good,Good,0
213,Melbourne - West,201,Melbourne,0.9710433,Good,Good,0
213,Melbourne - West,202,Victoria exc. Melbourne,0.0289567,Good,Good,0
214,Mornington Peninsula,201,Melbourne,1,Good,Good,0
215,North West,202,Victoria exc. Melbourne,1,Good,Good,0
216,Shepparton,202,Victoria exc. Melbourne,1,Good,Good,0
217,Warrnambool and South West,202,Victoria exc. Melbourne,1,Good,Good,0
297,Migratory - Offshore - Shipping (Vic.),297,Migratory - Offshore - Shipping (Vic.),1,Good,Good,0
299,No usual address (Vic.),294,No usual address (Vic.),1,Good,Good,0
301,Brisbane - East,301,Brisbane,1,Good,Good,0
302,Brisbane - North,301,Brisbane,1,Good,Good,0
303,Brisbane - South,301,Brisbane,1,Good,Good,0
304,Brisbane - West,301,Brisbane,1,Good,Good,0
305,Brisbane Inner City,301,Brisbane,1,Good,Good,0
306,Cairns,309,Cairns - Atherton,1,Good,Good,0
307,Darling Downs - Maranoa,306,Toowoomba - Roma,1,Acceptable,Good,0
308,Central Queensland,305,Rockhampton,1,Acceptable,Good,0
309,Gold Coast,301,Brisbane,1,Good,Good,0
310,Ipswich,301,Brisbane,1,Good,Good,0
311,Logan - Beaudesert,301,Brisbane,1,Good,Good,0
312,Mackay - Isaac - Whitsunday,305,Rockhampton,0.1219859,Acceptable,Good,0
312,Mackay - Isaac - Whitsunday,310,Townsville - Mackay,0.8780141,Good,Good,0
313,Moreton Bay - North,301,Brisbane,1,Good,Good,0
314,Moreton Bay - South,301,Brisbane,1,Good,Good,0
315,Queensland - Outback,303,Cape York,0.2155253,Poor,Good,0
315,Queensland - Outback,304,Mount Isa,0.3754474,Poor,Good,0
315,Queensland - Outback,305,Rockhampton,0.1047661,Acceptable,Good,0
315,Queensland - Outback,306,Toowoomba - Roma,0.0876286,Acceptable,Good,0
315,Queensland - Outback,307,Torres Strait,0.0945264,Poor,Good,0
315,Queensland - Outback,309,Cairns - Atherton,0.0937761,Good,Good,0
315,Queensland - Outback,310,Townsville - Mackay,0.02833,Good,Good,0
316,Sunshine Coast,301,Brisbane,1,Good,Good,0
317,Toowoomba,301,Brisbane,0.1228987,Good,Good,0
317,Toowoomba,306,Toowoomba - Roma,0.8771013,Acceptable,Good,0
318,Townsville,310,Townsville - Mackay,1,Good,Good,0
319,Wide Bay,305,Rockhampton,0.7161176,Acceptable,Good,0
319,Wide Bay,306,Toowoomba - Roma,0.2838824,Acceptable,Good,0
397,Migratory - Offshore - Shipping (Qld),397,Migratory - Offshore - Shipping (Qld),1,Good,Good,0
399,No usual address (Qld),394,No usual address (Qld),1,Good,Good,0
401,Adelaide - Central and Hills,401,Adelaide,1,Good,Good,0
402,Adelaide - North,401,Adelaide,1,Good,Good,0
403,Adelaide - South,401,Adelaide,1,Good,Good,0
404,Adelaide - West,401,Adelaide,1,Good,Good,0
405,Barossa - Yorke - Mid North,401,Adelaide,0.7268612,Good,Good,0
405,Barossa - Yorke - Mid North,402,Port Augusta,0.2731388,Poor,Good,0
406,South Australia - Outback,402,Port Augusta,0.5688376,Poor,Good,0
406,South Australia - Outback,403,Port Lincoln - Ceduna,0.4311624,Poor,Good,0
407,South Australia - South East,401,Adelaide,1,Good,Good,0
497,Migratory - Offshore - Shipping (SA),497,Migratory - Offshore - Shipping (SA),1,Good,Good,0
499,No usual address (SA),494,No usual address (SA),1,Good,Good,0
501,Bunbury,507,South-Western WA,1,Good,Good,0
502,Mandurah,507,South-Western WA,1,Good,Good,0
503,Perth - Inner,505,Perth,1,Good,Good,0
504,Perth - North East,505,Perth,1,Good,Good,0
505,Perth - North West,505,Perth,1,Good,Good,0
506,Perth - South East,505,Perth,1,Good,Good,0
507,Perth - South West,505,Perth,1,Good,Good,0
509,Western Australia - Wheat Belt,507,South-Western WA,1,Good,Good,0
510,Western Australia - Outback (North),501,Broome,0.187947,Poor,Good,0
510,Western Australia - Outback (North),504,Kununurra,0.1230843,Poor,Good,0
510,Western Australia - Outback (North),506,South Hedland,0.6103811,Poor,Good,0
510,Western Australia - Outback (North),508,West Kimberley,0.0785876,Poor,Good,0
511,Western Australia - Outback (South),502,Geraldton,0.512771,Poor,Good,0
511,Western Australia - Outback (South),503,Kalgoorlie,0.4612218,Poor,Good,0
511,Western Australia - Outback (South),506,South Hedland,0.0260072,Poor,Good,0
597,Migratory - Offshore - Shipping (WA),597,Migratory - Offshore - Shipping (WA),1,Good,Good,0
599,No usual address (WA),594,No usual address (WA),1,Good,Good,0
601,Hobart,601,Tasmania,1,Good,Good,0
602,Launceston and North East,601,Tasmania,1,Good,Good,0
603,South East,601,Tasmania,1,Good,Good,0
604,West and North West,601,Tasmania,1,Good,Good,0
697,Migratory - Offshore - Shipping (Tas.),697,Migratory - Offshore - Shipping (Tas.),1,Good,Good,0
699,No usual address (Tas.),694,No usual address (Tas.),1,Good,Good,0
701,Darwin,703,Darwin,1,Good,Good,0
702,Northern Territory - Outback,703,Darwin,0.0275135,Good,Good,0
702,Northern Territory - Outback,704,Jabiru - Tiwi,0.1496613,Poor,Good,0
702,Northern Territory - Outback,705,Katherine,0.2028965,Poor,Good,0
702,Northern Territory - Outback,706,Nhulunbuy,0.1515553,Poor,Good,0
702,Northern Territory - Outback,707,Tennant Creek,0.0593898,Poor,Good,0
702,Northern Territory - Outback,708,Alice Springs,0.2904574,Poor,Good,0
702,Northern Territory - Outback,709,Apatula,0.1185262,Poor,Good,0
797,Migratory - Offshore - Shipping (NT),797,Migratory - Offshore - Shipping (NT),1,Good,Good,0
799,No usual address (NT),794,No usual address (NT),1,Good,Good,0
801,Australian Capital Territory,801,ACT,1,Good,Good,0
897,Migratory - Offshore - Shipping (ACT),897,Migratory - Offshore - Shipping (ACT),1,Good,Good,0
899,No usual address (ACT),894,No usual address (ACT),1,Good,Good,0
901,Other Territories,901,Christmas - Cocos (Keeling) Is.,0.4790027,Poor,Good,0
901,Other Territories,902,Jervis Bay,0.0643689,Poor,Good,0
901,Other Territories,903,Norfolk Island,0.4566285,Poor,Good,0
997,Migratory - Offshore - Shipping (OT),997,Migratory - Offshore - Shipping (OT),1,Good,Good,0
999,No usual address (OT),994,No usual address (OT),1,Good,Good,0
ZZZ,Outside Australia,ZZZ,Outside Australia,1,Good,Good,0
