SA2,Dec 1999 median,Dec 2000 median,Dec 2001 median,Dec 2002 median,Dec 2003 median,Dec 2004 median,Dec 2005 median,Dec 2006 median,Dec 2007 median,Dec 2008 median,Dec 2009 median,Dec 2010 median,Dec 2011 median,Dec 2012 median,Dec 2013 median,Dec 2014 median,Dec 2015 median,Dec 2016 median,Dec 2017 median,Dec 2018 median,Dec 2019 median,Dec 2020 median,Dec 2021 median,Dec 2022 median,Dec 2023 median,Dec 2024 median,Dec 2025 median,Dec 2026 median
Bright - Mount Beauty,120.0,130.0,130.0,140.0,145.0,147.0,166.0,180.0,185.0,200.0,200.0,190.0,223.0,228.0,230.0,260.0,250.0,268.0,270.0,288.0,340.0,350.0,350.0,420.0,423.0,-1,-1,-1
Myrtleford,120.0,130.0,130.0,140.0,145.0,147.0,166.0,180.0,185.0,200.0,200.0,190.0,223.0,228.0,230.0,260.0,250.0,268.0,270.0,288.0,340.0,350.0,350.0,420.0,423.0,-1,-1,-1
Yackandandah,120.0,130.0,130.0,140.0,145.0,147.0,166.0,180.0,185.0,200.0,200.0,190.0,223.0,228.0,230.0,260.0,250.0,268.0,270.0,288.0,340.0,350.0,350.0,420.0,423.0,-1,-1,-1
Avoca,105.0,100.0,110.0,113.0,120.0,130.0,140.0,140.0,160.0,155.0,170.0,170.0,210.0,220.0,220.0,240.0,250.0,240.0,240.0,273.0,270.0,285.0,300.0,330.0,370.0,-1,-1,-1
Beaufort,105.0,100.0,110.0,113.0,120.0,130.0,140.0,140.0,160.0,155.0,170.0,170.0,210.0,220.0,220.0,240.0,250.0,240.0,240.0,273.0,270.0,285.0,300.0,330.0,370.0,-1,-1,-1
Ararat,105.0,100.0,110.0,113.0,120.0,130.0,140.0,140.0,160.0,155.0,170.0,170.0,210.0,220.0,220.0,240.0,250.0,240.0,240.0,273.0,270.0,285.0,300.0,330.0,370.0,-1,-1,-1
Ararat Surrounds,105.0,100.0,110.0,113.0,120.0,130.0,140.0,140.0,160.0,155.0,170.0,170.0,210.0,220.0,220.0,240.0,250.0,240.0,240.0,273.0,270.0,285.0,300.0,330.0,370.0,-1,-1,-1
Alfredton,135.0,140.0,150.0,160.0,170.0,175.0,180.0,190.0,197.0,220.0,230.0,240.0,260.0,265.0,260.0,270.0,270.0,280.0,290.0,300.0,320.0,340.0,360.0,390.0,410.0,-1,-1,-1
Ballarat,135.0,140.0,150.0,160.0,170.0,175.0,180.0,190.0,197.0,220.0,230.0,240.0,260.0,265.0,260.0,270.0,270.0,280.0,290.0,300.0,320.0,340.0,360.0,390.0,410.0,-1,-1,-1
Buninyong,135.0,140.0,150.0,160.0,170.0,175.0,180.0,190.0,197.0,220.0,230.0,240.0,260.0,265.0,260.0,270.0,270.0,280.0,290.0,300.0,320.0,340.0,360.0,390.0,410.0,-1,-1,-1
Delacombe,135.0,140.0,150.0,160.0,170.0,175.0,180.0,190.0,197.0,220.0,230.0,240.0,260.0,265.0,260.0,270.0,270.0,280.0,290.0,300.0,320.0,340.0,360.0,390.0,410.0,-1,-1,-1
Wendouree - Miners Rest,135.0,140.0,150.0,160.0,170.0,175.0,180.0,190.0,197.0,220.0,230.0,240.0,260.0,265.0,260.0,270.0,270.0,280.0,290.0,300.0,320.0,340.0,360.0,390.0,410.0,-1,-1,-1
Ballarat East - Warrenheip,135.0,140.0,150.0,160.0,170.0,175.0,180.0,190.0,197.0,220.0,230.0,240.0,260.0,265.0,260.0,270.0,270.0,280.0,290.0,300.0,320.0,340.0,360.0,390.0,410.0,-1,-1,-1
Ballarat North - Invermay,135.0,140.0,150.0,160.0,170.0,175.0,180.0,190.0,197.0,220.0,230.0,240.0,260.0,265.0,260.0,270.0,270.0,280.0,290.0,300.0,320.0,340.0,360.0,390.0,410.0,-1,-1,-1
Canadian - Mount Clear,135.0,140.0,150.0,160.0,170.0,175.0,180.0,190.0,197.0,220.0,230.0,240.0,260.0,265.0,260.0,270.0,270.0,280.0,290.0,300.0,320.0,340.0,360.0,390.0,410.0,-1,-1,-1
Sebastopol - Redan,135.0,140.0,150.0,160.0,170.0,175.0,180.0,190.0,197.0,220.0,230.0,240.0,260.0,265.0,260.0,270.0,270.0,280.0,290.0,300.0,320.0,340.0,360.0,390.0,410.0,-1,-1,-1
Creswick - Clunes,135.0,140.0,150.0,160.0,170.0,175.0,180.0,190.0,197.0,220.0,230.0,240.0,260.0,265.0,260.0,270.0,270.0,280.0,290.0,300.0,320.0,340.0,360.0,390.0,410.0,-1,-1,-1
Gordon (Vic.),135.0,140.0,150.0,160.0,170.0,175.0,180.0,190.0,197.0,220.0,230.0,240.0,260.0,265.0,260.0,270.0,270.0,280.0,290.0,300.0,320.0,340.0,360.0,390.0,410.0,-1,-1,-1
Bundoora - East,180.0,190.0,200.0,215.0,220.0,230.0,240.0,250.0,285.0,320.0,320.0,340.0,350.0,350.0,350.0,360.0,365.0,380.0,410.0,410.0,420.0,410.0,410.0,450.0,500.0,-1,-1,-1
Greensborough,180.0,190.0,200.0,215.0,220.0,230.0,240.0,250.0,285.0,320.0,320.0,340.0,350.0,350.0,350.0,360.0,365.0,380.0,410.0,410.0,420.0,410.0,410.0,450.0,500.0,-1,-1,-1
Heidelberg - Rosanna,180.0,190.0,200.0,215.0,220.0,230.0,240.0,250.0,285.0,320.0,320.0,340.0,350.0,350.0,350.0,360.0,365.0,380.0,410.0,410.0,420.0,410.0,410.0,450.0,500.0,-1,-1,-1
Heidelberg West,180.0,190.0,200.0,215.0,220.0,230.0,240.0,250.0,285.0,320.0,320.0,340.0,350.0,350.0,350.0,360.0,365.0,380.0,410.0,410.0,420.0,410.0,410.0,450.0,500.0,-1,-1,-1
Ivanhoe,180.0,190.0,200.0,215.0,220.0,230.0,240.0,250.0,285.0,320.0,320.0,340.0,350.0,350.0,350.0,360.0,365.0,380.0,410.0,410.0,420.0,410.0,410.0,450.0,500.0,-1,-1,-1
Ivanhoe East - Eaglemont,180.0,190.0,200.0,215.0,220.0,230.0,240.0,250.0,285.0,320.0,320.0,340.0,350.0,350.0,350.0,360.0,365.0,380.0,410.0,410.0,420.0,410.0,410.0,450.0,500.0,-1,-1,-1
Montmorency - Briar Hill,180.0,190.0,200.0,215.0,220.0,230.0,240.0,250.0,285.0,320.0,320.0,340.0,350.0,350.0,350.0,360.0,365.0,380.0,410.0,410.0,420.0,410.0,410.0,450.0,500.0,-1,-1,-1
Viewbank - Yallambie,180.0,190.0,200.0,215.0,220.0,230.0,240.0,250.0,285.0,320.0,320.0,340.0,350.0,350.0,350.0,360.0,365.0,380.0,410.0,410.0,420.0,410.0,410.0,450.0,500.0,-1,-1,-1
Watsonia,180.0,190.0,200.0,215.0,220.0,230.0,240.0,250.0,285.0,320.0,320.0,340.0,350.0,350.0,350.0,360.0,365.0,380.0,410.0,410.0,420.0,410.0,410.0,450.0,500.0,-1,-1,-1
Korumburra,110.0,120.0,130.0,138.0,155.0,160.0,165.0,175.0,180.0,200.0,240.0,310.0,340.0,250.0,250.0,260.0,253.0,278.0,280.0,300.0,330.0,350.0,420.0,430.0,450.0,-1,-1,-1
Phillip Island,110.0,120.0,130.0,138.0,155.0,160.0,165.0,175.0,180.0,200.0,240.0,310.0,340.0,250.0,250.0,260.0,253.0,278.0,280.0,300.0,330.0,350.0,420.0,430.0,450.0,-1,-1,-1
Wonthaggi - Inverloch,110.0,120.0,130.0,138.0,155.0,160.0,165.0,175.0,180.0,200.0,240.0,310.0,340.0,250.0,250.0,260.0,253.0,278.0,280.0,300.0,330.0,350.0,420.0,430.0,450.0,-1,-1,-1
Drouin,130.0,130.0,145.0,155.0,165.0,180.0,180.0,180.0,190.0,220.0,235.0,250.0,260.0,278.0,280.0,290.0,300.0,300.0,320.0,345.0,330.0,370.0,390.0,435.0,450.0,-1,-1,-1
Mount Baw Baw Region,130.0,130.0,145.0,155.0,165.0,180.0,180.0,180.0,190.0,220.0,235.0,250.0,260.0,278.0,280.0,290.0,300.0,300.0,320.0,345.0,330.0,370.0,390.0,435.0,450.0,-1,-1,-1
Trafalgar (Vic.),130.0,130.0,145.0,155.0,165.0,180.0,180.0,180.0,190.0,220.0,235.0,250.0,260.0,278.0,280.0,290.0,300.0,300.0,320.0,345.0,330.0,370.0,390.0,435.0,450.0,-1,-1,-1
Warragul,130.0,130.0,145.0,155.0,165.0,180.0,180.0,180.0,190.0,220.0,235.0,250.0,260.0,278.0,280.0,290.0,300.0,300.0,320.0,345.0,330.0,370.0,390.0,435.0,450.0,-1,-1,-1
Leongatha,130.0,130.0,145.0,155.0,165.0,180.0,180.0,180.0,190.0,220.0,235.0,250.0,260.0,278.0,280.0,290.0,300.0,300.0,320.0,345.0,330.0,370.0,390.0,435.0,450.0,-1,-1,-1
Moe - Newborough,130.0,130.0,145.0,155.0,165.0,180.0,180.0,180.0,190.0,220.0,235.0,250.0,260.0,278.0,280.0,290.0,300.0,300.0,320.0,345.0,330.0,370.0,390.0,435.0,450.0,-1,-1,-1
Yallourn North - Glengarry,130.0,130.0,145.0,155.0,165.0,180.0,180.0,180.0,190.0,220.0,235.0,250.0,260.0,278.0,280.0,290.0,300.0,300.0,320.0,345.0,330.0,370.0,390.0,435.0,450.0,-1,-1,-1
Ashburton (Vic.),220.0,230.0,240.0,250.0,250.0,270.0,270.0,290.0,340.0,371.0,380.0,390.0,400.0,410.0,420.0,420.0,420.0,450.0,465.0,480.0,485.0,445.0,440.0,485.0,575.0,-1,-1,-1
Balwyn,220.0,230.0,240.0,250.0,250.0,270.0,270.0,290.0,340.0,371.0,380.0,390.0,400.0,410.0,420.0,420.0,420.0,450.0,465.0,480.0,485.0,445.0,440.0,485.0,575.0,-1,-1,-1
Balwyn North,220.0,230.0,240.0,250.0,250.0,270.0,270.0,290.0,340.0,371.0,380.0,390.0,400.0,410.0,420.0,420.0,420.0,450.0,465.0,480.0,485.0,445.0,440.0,485.0,575.0,-1,-1,-1
Camberwell,220.0,230.0,240.0,250.0,250.0,270.0,270.0,290.0,340.0,371.0,380.0,390.0,400.0,410.0,420.0,420.0,420.0,450.0,465.0,480.0,485.0,445.0,440.0,485.0,575.0,-1,-1,-1
Glen Iris - East,220.0,230.0,240.0,250.0,250.0,270.0,270.0,290.0,340.0,371.0,380.0,390.0,400.0,410.0,420.0,420.0,420.0,450.0,465.0,480.0,485.0,445.0,440.0,485.0,575.0,-1,-1,-1
Hawthorn East,220.0,230.0,240.0,250.0,250.0,270.0,270.0,290.0,340.0,371.0,380.0,390.0,400.0,410.0,420.0,420.0,420.0,450.0,465.0,480.0,485.0,445.0,440.0,485.0,575.0,-1,-1,-1
Kew East,220.0,230.0,240.0,250.0,250.0,270.0,270.0,290.0,340.0,371.0,380.0,390.0,400.0,410.0,420.0,420.0,420.0,450.0,465.0,480.0,485.0,445.0,440.0,485.0,575.0,-1,-1,-1
Surrey Hills (West) - Canterbury,220.0,230.0,240.0,250.0,250.0,270.0,270.0,290.0,340.0,371.0,380.0,390.0,400.0,410.0,420.0,420.0,420.0,450.0,465.0,480.0,485.0,445.0,440.0,485.0,575.0,-1,-1,-1
Hawthorn - North,220.0,230.0,240.0,250.0,250.0,270.0,270.0,290.0,340.0,371.0,380.0,390.0,400.0,410.0,420.0,420.0,420.0,450.0,465.0,480.0,485.0,445.0,440.0,485.0,575.0,-1,-1,-1
Hawthorn - South,220.0,230.0,240.0,250.0,250.0,270.0,270.0,290.0,340.0,371.0,380.0,390.0,400.0,410.0,420.0,420.0,420.0,450.0,465.0,480.0,485.0,445.0,440.0,485.0,575.0,-1,-1,-1
Kew - South,220.0,230.0,240.0,250.0,250.0,270.0,270.0,290.0,340.0,371.0,380.0,390.0,400.0,410.0,420.0,420.0,420.0,450.0,465.0,480.0,485.0,445.0,440.0,485.0,575.0,-1,-1,-1
Kew - West,220.0,230.0,240.0,250.0,250.0,270.0,270.0,290.0,340.0,371.0,380.0,390.0,400.0,410.0,420.0,420.0,420.0,450.0,465.0,480.0,485.0,445.0,440.0,485.0,575.0,-1,-1,-1
Bulleen,220.0,230.0,240.0,250.0,250.0,270.0,270.0,290.0,340.0,371.0,380.0,390.0,400.0,410.0,420.0,420.0,420.0,450.0,465.0,480.0,485.0,445.0,440.0,485.0,575.0,-1,-1,-1
Doncaster,220.0,230.0,240.0,250.0,250.0,270.0,270.0,290.0,340.0,371.0,380.0,390.0,400.0,410.0,420.0,420.0,420.0,450.0,465.0,480.0,485.0,445.0,440.0,485.0,575.0,-1,-1,-1
Keilor,155.0,165.0,170.0,175.0,180.0,180.0,190.0,200.0,220.0,270.0,280.0,300.0,300.0,300.0,310.0,320.0,320.0,340.0,350.0,360.0,360.0,360.0,360.0,380.0,449.0,-1,-1,-1
Ardeer - Albion,155.0,165.0,170.0,175.0,180.0,180.0,190.0,200.0,220.0,270.0,280.0,300.0,300.0,300.0,310.0,320.0,320.0,340.0,350.0,360.0,360.0,360.0,360.0,380.0,449.0,-1,-1,-1
Cairnlea,155.0,165.0,170.0,175.0,180.0,180.0,190.0,200.0,220.0,270.0,280.0,300.0,300.0,300.0,310.0,320.0,320.0,340.0,350.0,360.0,360.0,360.0,360.0,380.0,449.0,-1,-1,-1
Delahey,155.0,165.0,170.0,175.0,180.0,180.0,190.0,200.0,220.0,270.0,280.0,300.0,300.0,300.0,310.0,320.0,320.0,340.0,350.0,360.0,360.0,360.0,360.0,380.0,449.0,-1,-1,-1
Keilor Downs,155.0,165.0,170.0,175.0,180.0,180.0,190.0,200.0,220.0,270.0,280.0,300.0,300.0,300.0,310.0,320.0,320.0,340.0,350.0,360.0,360.0,360.0,360.0,380.0,449.0,-1,-1,-1
Kings Park (Vic.),155.0,165.0,170.0,175.0,180.0,180.0,190.0,200.0,220.0,270.0,280.0,300.0,300.0,300.0,310.0,320.0,320.0,340.0,350.0,360.0,360.0,360.0,360.0,380.0,449.0,-1,-1,-1
St Albans - North,155.0,165.0,170.0,175.0,180.0,180.0,190.0,200.0,220.0,270.0,280.0,300.0,300.0,300.0,310.0,320.0,320.0,340.0,350.0,360.0,360.0,360.0,360.0,380.0,449.0,-1,-1,-1
St Albans - South,155.0,165.0,170.0,175.0,180.0,180.0,190.0,200.0,220.0,270.0,280.0,300.0,300.0,300.0,310.0,320.0,320.0,340.0,350.0,360.0,360.0,360.0,360.0,380.0,449.0,-1,-1,-1
Sunshine,155.0,165.0,170.0,175.0,180.0,180.0,190.0,200.0,220.0,270.0,280.0,300.0,300.0,300.0,310.0,320.0,320.0,340.0,350.0,360.0,360.0,360.0,360.0,380.0,449.0,-1,-1,-1
Sunshine North,155.0,165.0,170.0,175.0,180.0,180.0,190.0,200.0,220.0,270.0,280.0,300.0,300.0,300.0,310.0,320.0,320.0,340.0,350.0,360.0,360.0,360.0,360.0,380.0,449.0,-1,-1,-1
Sunshine West,155.0,165.0,170.0,175.0,180.0,180.0,190.0,200.0,220.0,270.0,280.0,300.0,300.0,300.0,310.0,320.0,320.0,340.0,350.0,360.0,360.0,360.0,360.0,380.0,449.0,-1,-1,-1
Sydenham,155.0,165.0,170.0,175.0,180.0,180.0,190.0,200.0,220.0,270.0,280.0,300.0,300.0,300.0,310.0,320.0,320.0,340.0,350.0,360.0,360.0,360.0,360.0,380.0,449.0,-1,-1,-1
Taylors Lakes,155.0,165.0,170.0,175.0,180.0,180.0,190.0,200.0,220.0,270.0,280.0,300.0,300.0,300.0,310.0,320.0,320.0,340.0,350.0,360.0,360.0,360.0,360.0,380.0,449.0,-1,-1,-1
Deer Park,155.0,165.0,170.0,175.0,180.0,180.0,190.0,200.0,220.0,270.0,280.0,300.0,300.0,300.0,310.0,320.0,320.0,340.0,350.0,360.0,360.0,360.0,360.0,380.0,449.0,-1,-1,-1
Derrimut,155.0,165.0,170.0,175.0,180.0,180.0,190.0,200.0,220.0,270.0,280.0,300.0,300.0,300.0,310.0,320.0,320.0,340.0,350.0,360.0,360.0,360.0,360.0,380.0,449.0,-1,-1,-1
Echuca,130.0,135.0,140.0,150.0,175.0,170.0,170.0,180.0,190.0,194.0,200.0,200.0,225.0,225.0,245.0,250.0,260.0,270.0,270.0,270.0,280.0,300.0,340.0,370.0,410.0,-1,-1,-1
Kyabram,130.0,135.0,140.0,150.0,175.0,170.0,170.0,180.0,190.0,194.0,200.0,200.0,225.0,225.0,245.0,250.0,260.0,270.0,270.0,270.0,280.0,300.0,340.0,370.0,410.0,-1,-1,-1
Lockington - Gunbower,130.0,135.0,140.0,150.0,175.0,170.0,170.0,180.0,190.0,194.0,200.0,200.0,225.0,225.0,245.0,250.0,260.0,270.0,270.0,270.0,280.0,300.0,340.0,370.0,410.0,-1,-1,-1
Rochester,130.0,135.0,140.0,150.0,175.0,170.0,170.0,180.0,190.0,194.0,200.0,200.0,225.0,225.0,245.0,250.0,260.0,270.0,270.0,270.0,280.0,300.0,340.0,370.0,410.0,-1,-1,-1
Rushworth,130.0,135.0,140.0,150.0,175.0,170.0,170.0,180.0,190.0,194.0,200.0,200.0,225.0,225.0,245.0,250.0,260.0,270.0,270.0,270.0,280.0,300.0,340.0,370.0,410.0,-1,-1,-1
Belgrave - Selby,155.0,165.0,165.0,180.0,185.0,190.0,195.0,210.0,235.0,280.0,280.0,300.0,310.0,310.0,320.0,320.0,340.0,350.0,360.0,365.0,360.0,370.0,400.0,440.0,515.0,-1,-1,-1
Emerald - Cockatoo,155.0,165.0,165.0,180.0,185.0,190.0,195.0,210.0,235.0,280.0,280.0,300.0,310.0,310.0,320.0,320.0,340.0,350.0,360.0,365.0,360.0,370.0,400.0,440.0,515.0,-1,-1,-1
Beaconsfield - Officer,155.0,165.0,165.0,180.0,185.0,190.0,195.0,210.0,235.0,280.0,280.0,300.0,310.0,310.0,320.0,320.0,340.0,350.0,360.0,365.0,360.0,370.0,400.0,440.0,515.0,-1,-1,-1
Bunyip - Garfield,155.0,165.0,165.0,180.0,185.0,190.0,195.0,210.0,235.0,280.0,280.0,300.0,310.0,310.0,320.0,320.0,340.0,350.0,360.0,365.0,360.0,370.0,400.0,440.0,515.0,-1,-1,-1
Koo Wee Rup,155.0,165.0,165.0,180.0,185.0,190.0,195.0,210.0,235.0,280.0,280.0,300.0,310.0,310.0,320.0,320.0,340.0,350.0,360.0,365.0,360.0,370.0,400.0,440.0,515.0,-1,-1,-1
Pakenham - North East,155.0,165.0,165.0,180.0,185.0,190.0,195.0,210.0,235.0,280.0,280.0,300.0,310.0,310.0,320.0,320.0,340.0,350.0,360.0,365.0,360.0,370.0,400.0,440.0,515.0,-1,-1,-1
Pakenham - North West,155.0,165.0,165.0,180.0,185.0,190.0,195.0,210.0,235.0,280.0,280.0,300.0,310.0,310.0,320.0,320.0,340.0,350.0,360.0,365.0,360.0,370.0,400.0,440.0,515.0,-1,-1,-1
Pakenham - South East,155.0,165.0,165.0,180.0,185.0,190.0,195.0,210.0,235.0,280.0,280.0,300.0,310.0,310.0,320.0,320.0,340.0,350.0,360.0,365.0,360.0,370.0,400.0,440.0,515.0,-1,-1,-1
Pakenham - South West,155.0,165.0,165.0,180.0,185.0,190.0,195.0,210.0,235.0,280.0,280.0,300.0,310.0,310.0,320.0,320.0,340.0,350.0,360.0,365.0,360.0,370.0,400.0,440.0,515.0,-1,-1,-1
Berwick - North,165.0,174.0,180.0,185.0,195.0,200.0,210.0,230.0,250.0,280.0,300.0,320.0,325.0,320.0,340.0,350.0,350.0,360.0,375.0,380.0,380.0,390.0,420.0,450.0,525.0,-1,-1,-1
Doveton,165.0,174.0,180.0,185.0,195.0,200.0,210.0,230.0,250.0,280.0,300.0,320.0,325.0,320.0,340.0,350.0,350.0,360.0,375.0,380.0,380.0,390.0,420.0,450.0,525.0,-1,-1,-1
Hallam,165.0,174.0,180.0,185.0,195.0,200.0,210.0,230.0,250.0,280.0,300.0,320.0,325.0,320.0,340.0,350.0,350.0,360.0,375.0,380.0,380.0,390.0,420.0,450.0,525.0,-1,-1,-1
Narre Warren North,165.0,174.0,180.0,185.0,195.0,200.0,210.0,230.0,250.0,280.0,300.0,320.0,325.0,320.0,340.0,350.0,350.0,360.0,375.0,380.0,380.0,390.0,420.0,450.0,525.0,-1,-1,-1
Endeavour Hills - North,165.0,174.0,180.0,185.0,195.0,200.0,210.0,230.0,250.0,280.0,300.0,320.0,325.0,320.0,340.0,350.0,350.0,360.0,375.0,380.0,380.0,390.0,420.0,450.0,525.0,-1,-1,-1
Endeavour Hills - South,165.0,174.0,180.0,185.0,195.0,200.0,210.0,230.0,250.0,280.0,300.0,320.0,325.0,320.0,340.0,350.0,350.0,360.0,375.0,380.0,380.0,390.0,420.0,450.0,525.0,-1,-1,-1
Narre Warren - North East,165.0,174.0,180.0,185.0,195.0,200.0,210.0,230.0,250.0,280.0,300.0,320.0,325.0,320.0,340.0,350.0,350.0,360.0,375.0,380.0,380.0,390.0,420.0,450.0,525.0,-1,-1,-1
Narre Warren - South West,165.0,174.0,180.0,185.0,195.0,200.0,210.0,230.0,250.0,280.0,300.0,320.0,325.0,320.0,340.0,350.0,350.0,360.0,375.0,380.0,380.0,390.0,420.0,450.0,525.0,-1,-1,-1
Berwick - South East,165.0,174.0,180.0,185.0,195.0,200.0,210.0,230.0,250.0,280.0,300.0,320.0,325.0,320.0,340.0,350.0,350.0,360.0,375.0,380.0,380.0,390.0,420.0,450.0,525.0,-1,-1,-1
Berwick - South West,165.0,174.0,180.0,185.0,195.0,200.0,210.0,230.0,250.0,280.0,300.0,320.0,325.0,320.0,340.0,350.0,350.0,360.0,375.0,380.0,380.0,390.0,420.0,450.0,525.0,-1,-1,-1
Cranbourne,165.0,174.0,180.0,185.0,195.0,200.0,210.0,230.0,250.0,280.0,300.0,320.0,325.0,320.0,340.0,350.0,350.0,360.0,375.0,380.0,380.0,390.0,420.0,450.0,525.0,-1,-1,-1
Cranbourne South,165.0,174.0,180.0,185.0,195.0,200.0,210.0,230.0,250.0,280.0,300.0,320.0,325.0,320.0,340.0,350.0,350.0,360.0,375.0,380.0,380.0,390.0,420.0,450.0,525.0,-1,-1,-1
Cranbourne West,165.0,174.0,180.0,185.0,195.0,200.0,210.0,230.0,250.0,280.0,300.0,320.0,325.0,320.0,340.0,350.0,350.0,360.0,375.0,380.0,380.0,390.0,420.0,450.0,525.0,-1,-1,-1
Lynbrook - Lyndhurst,165.0,174.0,180.0,185.0,195.0,200.0,210.0,230.0,250.0,280.0,300.0,320.0,325.0,320.0,340.0,350.0,350.0,360.0,375.0,380.0,380.0,390.0,420.0,450.0,525.0,-1,-1,-1
Pearcedale - Tooradin,165.0,174.0,180.0,185.0,195.0,200.0,210.0,230.0,250.0,280.0,300.0,320.0,325.0,320.0,340.0,350.0,350.0,360.0,375.0,380.0,380.0,390.0,420.0,450.0,525.0,-1,-1,-1
Narre Warren South - East,165.0,174.0,180.0,185.0,195.0,200.0,210.0,230.0,250.0,280.0,300.0,320.0,325.0,320.0,340.0,350.0,350.0,360.0,375.0,380.0,380.0,390.0,420.0,450.0,525.0,-1,-1,-1
Narre Warren South - West,165.0,174.0,180.0,185.0,195.0,200.0,210.0,230.0,250.0,280.0,300.0,320.0,325.0,320.0,340.0,350.0,350.0,360.0,375.0,380.0,380.0,390.0,420.0,450.0,525.0,-1,-1,-1
Clyde North - North,165.0,174.0,180.0,185.0,195.0,200.0,210.0,230.0,250.0,280.0,300.0,320.0,325.0,320.0,340.0,350.0,350.0,360.0,375.0,380.0,380.0,390.0,420.0,450.0,525.0,-1,-1,-1
Clyde North - South,165.0,174.0,180.0,185.0,195.0,200.0,210.0,230.0,250.0,280.0,300.0,320.0,325.0,320.0,340.0,350.0,350.0,360.0,375.0,380.0,380.0,390.0,420.0,450.0,525.0,-1,-1,-1
Cranbourne East - North,165.0,174.0,180.0,185.0,195.0,200.0,210.0,230.0,250.0,280.0,300.0,320.0,325.0,320.0,340.0,350.0,350.0,360.0,375.0,380.0,380.0,390.0,420.0,450.0,525.0,-1,-1,-1
Cranbourne East - South,165.0,174.0,180.0,185.0,195.0,200.0,210.0,230.0,250.0,280.0,300.0,320.0,325.0,320.0,340.0,350.0,350.0,360.0,375.0,380.0,380.0,390.0,420.0,450.0,525.0,-1,-1,-1
Cranbourne North - East,165.0,174.0,180.0,185.0,195.0,200.0,210.0,230.0,250.0,280.0,300.0,320.0,325.0,320.0,340.0,350.0,350.0,360.0,375.0,380.0,380.0,390.0,420.0,450.0,525.0,-1,-1,-1
Cranbourne North - West,165.0,174.0,180.0,185.0,195.0,200.0,210.0,230.0,250.0,280.0,300.0,320.0,325.0,320.0,340.0,350.0,350.0,360.0,375.0,380.0,380.0,390.0,420.0,450.0,525.0,-1,-1,-1
Hampton Park - East,165.0,174.0,180.0,185.0,195.0,200.0,210.0,230.0,250.0,280.0,300.0,320.0,325.0,320.0,340.0,350.0,350.0,360.0,375.0,380.0,380.0,390.0,420.0,450.0,525.0,-1,-1,-1
Hampton Park - West,165.0,174.0,180.0,185.0,195.0,200.0,210.0,230.0,250.0,280.0,300.0,320.0,325.0,320.0,340.0,350.0,350.0,360.0,375.0,380.0,380.0,390.0,420.0,450.0,525.0,-1,-1,-1
Maryborough (Vic.),110.0,115.0,120.0,125.0,130.0,140.0,138.0,143.0,155.0,166.0,170.0,185.0,220.0,225.0,230.0,228.0,230.0,230.0,225.0,258.0,265.0,280.0,295.0,320.0,350.0,-1,-1,-1
Maryborough Surrounds,110.0,115.0,120.0,125.0,130.0,140.0,138.0,143.0,155.0,166.0,170.0,185.0,220.0,225.0,230.0,228.0,230.0,230.0,225.0,258.0,265.0,280.0,295.0,320.0,350.0,-1,-1,-1
Castlemaine Surrounds,110.0,115.0,120.0,125.0,130.0,140.0,138.0,143.0,155.0,166.0,170.0,185.0,220.0,225.0,230.0,228.0,230.0,230.0,225.0,258.0,265.0,280.0,295.0,320.0,350.0,-1,-1,-1
Colac,115.0,120.0,130.0,150.0,160.0,165.0,180.0,175.0,185.0,200.0,210.0,210.0,230.0,248.0,250.0,258.0,260.0,260.0,285.0,300.0,305.0,325.0,380.0,400.0,410.0,-1,-1,-1
Colac Surrounds,115.0,120.0,130.0,150.0,160.0,165.0,180.0,175.0,185.0,200.0,210.0,210.0,230.0,248.0,250.0,258.0,260.0,260.0,285.0,300.0,305.0,325.0,380.0,400.0,410.0,-1,-1,-1
Otway,115.0,120.0,130.0,150.0,160.0,165.0,180.0,175.0,185.0,200.0,210.0,210.0,230.0,248.0,250.0,258.0,260.0,260.0,285.0,300.0,305.0,325.0,380.0,400.0,410.0,-1,-1,-1
Camperdown,100.0,100.0,110.0,120.0,130.0,140.0,150.0,160.0,160.0,170.0,190.0,195.0,200.0,215.0,210.0,230.0,235.0,245.0,240.0,250.0,260.0,290.0,343.0,360.0,363.0,-1,-1,-1
Corangamite - North,100.0,100.0,110.0,120.0,130.0,140.0,150.0,160.0,160.0,170.0,190.0,195.0,200.0,215.0,210.0,230.0,235.0,245.0,240.0,250.0,260.0,290.0,343.0,360.0,363.0,-1,-1,-1
Corangamite - South,100.0,100.0,110.0,120.0,130.0,140.0,150.0,160.0,160.0,170.0,190.0,195.0,200.0,215.0,210.0,230.0,235.0,245.0,240.0,250.0,260.0,290.0,343.0,360.0,363.0,-1,-1,-1
Moyne - East,100.0,100.0,110.0,120.0,130.0,140.0,150.0,160.0,160.0,170.0,190.0,195.0,200.0,215.0,210.0,230.0,235.0,245.0,240.0,250.0,260.0,290.0,343.0,360.0,363.0,-1,-1,-1
Alphington - Fairfield,160.0,170.0,180.0,190.0,190.0,200.0,200.0,220.0,260.0,290.0,300.0,325.0,330.0,330.0,340.0,350.0,360.0,370.0,400.0,400.0,400.0,400.0,390.0,420.0,500.0,-1,-1,-1
Thornbury,160.0,170.0,180.0,190.0,190.0,200.0,200.0,220.0,260.0,290.0,300.0,325.0,330.0,330.0,340.0,350.0,360.0,370.0,400.0,400.0,400.0,400.0,390.0,420.0,500.0,-1,-1,-1
Northcote - East,160.0,170.0,180.0,190.0,190.0,200.0,200.0,220.0,260.0,290.0,300.0,325.0,330.0,330.0,340.0,350.0,360.0,370.0,400.0,400.0,400.0,400.0,390.0,420.0,500.0,-1,-1,-1
Northcote - West,160.0,170.0,180.0,190.0,190.0,200.0,200.0,220.0,260.0,290.0,300.0,325.0,330.0,330.0,340.0,350.0,360.0,370.0,400.0,400.0,400.0,400.0,390.0,420.0,500.0,-1,-1,-1
Kingsbury,160.0,170.0,180.0,190.0,190.0,200.0,200.0,220.0,260.0,290.0,300.0,325.0,330.0,330.0,340.0,350.0,360.0,370.0,400.0,400.0,400.0,400.0,390.0,420.0,500.0,-1,-1,-1
Preston - East,160.0,170.0,180.0,190.0,190.0,200.0,200.0,220.0,260.0,290.0,300.0,325.0,330.0,330.0,340.0,350.0,360.0,370.0,400.0,400.0,400.0,400.0,390.0,420.0,500.0,-1,-1,-1
Preston - West,160.0,170.0,180.0,190.0,190.0,200.0,200.0,220.0,260.0,290.0,300.0,325.0,330.0,330.0,340.0,350.0,360.0,370.0,400.0,400.0,400.0,400.0,390.0,420.0,500.0,-1,-1,-1
Reservoir - North East,160.0,170.0,180.0,190.0,190.0,200.0,200.0,220.0,260.0,290.0,300.0,325.0,330.0,330.0,340.0,350.0,360.0,370.0,400.0,400.0,400.0,400.0,390.0,420.0,500.0,-1,-1,-1
Reservoir - North West,160.0,170.0,180.0,190.0,190.0,200.0,200.0,220.0,260.0,290.0,300.0,325.0,330.0,330.0,340.0,350.0,360.0,370.0,400.0,400.0,400.0,400.0,390.0,420.0,500.0,-1,-1,-1
Reservoir - South East,160.0,170.0,180.0,190.0,190.0,200.0,200.0,220.0,260.0,290.0,300.0,325.0,330.0,330.0,340.0,350.0,360.0,370.0,400.0,400.0,400.0,400.0,390.0,420.0,500.0,-1,-1,-1
Reservoir - South West,160.0,170.0,180.0,190.0,190.0,200.0,200.0,220.0,260.0,290.0,300.0,325.0,330.0,330.0,340.0,350.0,360.0,370.0,400.0,400.0,400.0,400.0,390.0,420.0,500.0,-1,-1,-1
Alps - East,120.0,125.0,130.0,138.0,160.0,165.0,170.0,180.0,180.0,200.0,215.0,220.0,235.0,250.0,250.0,260.0,265.0,270.0,270.0,290.0,295.0,323.0,350.0,390.0,400.0,-1,-1,-1
Bairnsdale,120.0,125.0,130.0,138.0,160.0,165.0,170.0,180.0,180.0,200.0,215.0,220.0,235.0,250.0,250.0,260.0,265.0,270.0,270.0,290.0,295.0,323.0,350.0,390.0,400.0,-1,-1,-1
Bruthen - Omeo,120.0,125.0,130.0,138.0,160.0,165.0,170.0,180.0,180.0,200.0,215.0,220.0,235.0,250.0,250.0,260.0,265.0,270.0,270.0,290.0,295.0,323.0,350.0,390.0,400.0,-1,-1,-1
Lake King,120.0,125.0,130.0,138.0,160.0,165.0,170.0,180.0,180.0,200.0,215.0,220.0,235.0,250.0,250.0,260.0,265.0,270.0,270.0,290.0,295.0,323.0,350.0,390.0,400.0,-1,-1,-1
Lakes Entrance,120.0,125.0,130.0,138.0,160.0,165.0,170.0,180.0,180.0,200.0,215.0,220.0,235.0,250.0,250.0,260.0,265.0,270.0,270.0,290.0,295.0,323.0,350.0,390.0,400.0,-1,-1,-1
Orbost,120.0,125.0,130.0,138.0,160.0,165.0,170.0,180.0,180.0,200.0,215.0,220.0,235.0,250.0,250.0,260.0,265.0,270.0,270.0,290.0,295.0,323.0,350.0,390.0,400.0,-1,-1,-1
Paynesville,120.0,125.0,130.0,138.0,160.0,165.0,170.0,180.0,180.0,200.0,215.0,220.0,235.0,250.0,250.0,260.0,265.0,270.0,270.0,290.0,295.0,323.0,350.0,390.0,400.0,-1,-1,-1
Longford - Loch Sport,120.0,125.0,130.0,138.0,160.0,165.0,170.0,180.0,180.0,200.0,215.0,220.0,235.0,250.0,250.0,260.0,265.0,270.0,270.0,290.0,295.0,323.0,350.0,390.0,400.0,-1,-1,-1
Carrum Downs,150.0,160.0,165.0,175.0,180.0,185.0,191.0,210.0,230.0,260.0,270.0,291.0,300.0,305.0,310.0,320.0,335.0,340.0,360.0,370.0,370.0,380.0,420.0,440.0,500.0,-1,-1,-1
Frankston,150.0,160.0,165.0,175.0,180.0,185.0,191.0,210.0,230.0,260.0,270.0,291.0,300.0,305.0,310.0,320.0,335.0,340.0,360.0,370.0,370.0,380.0,420.0,440.0,500.0,-1,-1,-1
Frankston North,150.0,160.0,165.0,175.0,180.0,185.0,191.0,210.0,230.0,260.0,270.0,291.0,300.0,305.0,310.0,320.0,335.0,340.0,360.0,370.0,370.0,380.0,420.0,440.0,500.0,-1,-1,-1
Frankston South,150.0,160.0,165.0,175.0,180.0,185.0,191.0,210.0,230.0,260.0,270.0,291.0,300.0,305.0,310.0,320.0,335.0,340.0,360.0,370.0,370.0,380.0,420.0,440.0,500.0,-1,-1,-1
Langwarrin,150.0,160.0,165.0,175.0,180.0,185.0,191.0,210.0,230.0,260.0,270.0,291.0,300.0,305.0,310.0,320.0,335.0,340.0,360.0,370.0,370.0,380.0,420.0,440.0,500.0,-1,-1,-1
Seaford (Vic.),150.0,160.0,165.0,175.0,180.0,185.0,191.0,210.0,230.0,260.0,270.0,291.0,300.0,305.0,310.0,320.0,335.0,340.0,360.0,370.0,370.0,380.0,420.0,440.0,500.0,-1,-1,-1
Skye - Sandhurst,150.0,160.0,165.0,175.0,180.0,185.0,191.0,210.0,230.0,260.0,270.0,291.0,300.0,305.0,310.0,320.0,335.0,340.0,360.0,370.0,370.0,380.0,420.0,440.0,500.0,-1,-1,-1
Buloke,110.0,110.0,110.0,110.0,120.0,120.0,127.0,140.0,140.0,144.0,150.0,150.0,150.0,160.0,173.0,180.0,190.0,190.0,200.0,220.0,225.0,238.0,240.0,280.0,305.0,-1,-1,-1
Gannawarra,110.0,110.0,110.0,110.0,120.0,120.0,127.0,140.0,140.0,144.0,150.0,150.0,150.0,160.0,173.0,180.0,190.0,190.0,200.0,220.0,225.0,238.0,240.0,280.0,305.0,-1,-1,-1
Kerang,110.0,110.0,110.0,110.0,120.0,120.0,127.0,140.0,140.0,144.0,150.0,150.0,150.0,160.0,173.0,180.0,190.0,190.0,200.0,220.0,225.0,238.0,240.0,280.0,305.0,-1,-1,-1
Swan Hill Surrounds,110.0,110.0,110.0,110.0,120.0,120.0,127.0,140.0,140.0,144.0,150.0,150.0,150.0,160.0,173.0,180.0,190.0,190.0,200.0,220.0,225.0,238.0,240.0,280.0,305.0,-1,-1,-1
Bentleigh - McKinnon,180.0,190.0,205.0,210.0,220.0,225.0,240.0,250.0,295.0,330.0,345.0,360.0,370.0,370.0,375.0,385.0,400.0,420.0,435.0,450.0,450.0,420.0,420.0,480.0,560.0,-1,-1,-1
Carnegie,180.0,190.0,205.0,210.0,220.0,225.0,240.0,250.0,295.0,330.0,345.0,360.0,370.0,370.0,375.0,385.0,400.0,420.0,435.0,450.0,450.0,420.0,420.0,480.0,560.0,-1,-1,-1
Caulfield - North,180.0,190.0,205.0,210.0,220.0,225.0,240.0,250.0,295.0,330.0,345.0,360.0,370.0,370.0,375.0,385.0,400.0,420.0,435.0,450.0,450.0,420.0,420.0,480.0,560.0,-1,-1,-1
Caulfield - South,180.0,190.0,205.0,210.0,220.0,225.0,240.0,250.0,295.0,330.0,345.0,360.0,370.0,370.0,375.0,385.0,400.0,420.0,435.0,450.0,450.0,420.0,420.0,480.0,560.0,-1,-1,-1
Elsternwick,180.0,190.0,205.0,210.0,220.0,225.0,240.0,250.0,295.0,330.0,345.0,360.0,370.0,370.0,375.0,385.0,400.0,420.0,435.0,450.0,450.0,420.0,420.0,480.0,560.0,-1,-1,-1
Murrumbeena,180.0,190.0,205.0,210.0,220.0,225.0,240.0,250.0,295.0,330.0,345.0,360.0,370.0,370.0,375.0,385.0,400.0,420.0,435.0,450.0,450.0,420.0,420.0,480.0,560.0,-1,-1,-1
Ormond - Glen Huntly,180.0,190.0,205.0,210.0,220.0,225.0,240.0,250.0,295.0,330.0,345.0,360.0,370.0,370.0,375.0,385.0,400.0,420.0,435.0,450.0,450.0,420.0,420.0,480.0,560.0,-1,-1,-1
Bentleigh East - North,180.0,190.0,205.0,210.0,220.0,225.0,240.0,250.0,295.0,330.0,345.0,360.0,370.0,370.0,375.0,385.0,400.0,420.0,435.0,450.0,450.0,420.0,420.0,480.0,560.0,-1,-1,-1
Bentleigh East - South,180.0,190.0,205.0,210.0,220.0,225.0,240.0,250.0,295.0,330.0,345.0,360.0,370.0,370.0,375.0,385.0,400.0,420.0,435.0,450.0,450.0,420.0,420.0,480.0,560.0,-1,-1,-1
Bendigo,140.0,140.0,150.0,165.0,175.0,180.0,190.0,200.0,200.0,220.0,230.0,250.0,270.0,280.0,280.0,280.0,280.0,288.0,290.0,300.0,320.0,350.0,380.0,410.0,443.0,-1,-1,-1
California Gully - Eaglehawk,140.0,140.0,150.0,165.0,175.0,180.0,190.0,200.0,200.0,220.0,230.0,250.0,270.0,280.0,280.0,280.0,280.0,288.0,290.0,300.0,320.0,350.0,380.0,410.0,443.0,-1,-1,-1
East Bendigo - Kennington,140.0,140.0,150.0,165.0,175.0,180.0,190.0,200.0,200.0,220.0,230.0,250.0,270.0,280.0,280.0,280.0,280.0,288.0,290.0,300.0,320.0,350.0,380.0,410.0,443.0,-1,-1,-1
Flora Hill - Spring Gully,140.0,140.0,150.0,165.0,175.0,180.0,190.0,200.0,200.0,220.0,230.0,250.0,270.0,280.0,280.0,280.0,280.0,288.0,290.0,300.0,320.0,350.0,380.0,410.0,443.0,-1,-1,-1
Kangaroo Flat - Golden Square,140.0,140.0,150.0,165.0,175.0,180.0,190.0,200.0,200.0,220.0,230.0,250.0,270.0,280.0,280.0,280.0,280.0,288.0,290.0,300.0,320.0,350.0,380.0,410.0,443.0,-1,-1,-1
Maiden Gully,140.0,140.0,150.0,165.0,175.0,180.0,190.0,200.0,200.0,220.0,230.0,250.0,270.0,280.0,280.0,280.0,280.0,288.0,290.0,300.0,320.0,350.0,380.0,410.0,443.0,-1,-1,-1
Strathfieldsaye,140.0,140.0,150.0,165.0,175.0,180.0,190.0,200.0,200.0,220.0,230.0,250.0,270.0,280.0,280.0,280.0,280.0,288.0,290.0,300.0,320.0,350.0,380.0,410.0,443.0,-1,-1,-1
White Hills - Ascot,140.0,140.0,150.0,165.0,175.0,180.0,190.0,200.0,200.0,220.0,230.0,250.0,270.0,280.0,280.0,280.0,280.0,288.0,290.0,300.0,320.0,350.0,380.0,410.0,443.0,-1,-1,-1
Bendigo Surrounds - South,140.0,140.0,150.0,165.0,175.0,180.0,190.0,200.0,200.0,220.0,230.0,250.0,270.0,280.0,280.0,280.0,280.0,288.0,290.0,300.0,320.0,350.0,380.0,410.0,443.0,-1,-1,-1
Heathcote,140.0,140.0,150.0,165.0,175.0,180.0,190.0,200.0,200.0,220.0,230.0,250.0,270.0,280.0,280.0,280.0,280.0,288.0,290.0,300.0,320.0,350.0,380.0,410.0,443.0,-1,-1,-1
Bendigo Surrounds - North,140.0,140.0,150.0,165.0,175.0,180.0,190.0,200.0,200.0,220.0,230.0,250.0,270.0,280.0,280.0,280.0,280.0,288.0,290.0,300.0,320.0,350.0,380.0,410.0,443.0,-1,-1,-1
Dandenong North,140.0,145.0,150.0,155.0,160.0,165.0,175.0,190.0,225.0,250.0,277.0,290.0,300.0,300.0,304.0,320.0,330.0,335.0,350.0,360.0,355.0,355.0,360.0,395.0,470.0,-1,-1,-1
Noble Park North,140.0,145.0,150.0,155.0,160.0,165.0,175.0,190.0,225.0,250.0,277.0,290.0,300.0,300.0,304.0,320.0,330.0,335.0,350.0,360.0,355.0,355.0,360.0,395.0,470.0,-1,-1,-1
Springvale,140.0,145.0,150.0,155.0,160.0,165.0,175.0,190.0,225.0,250.0,277.0,290.0,300.0,300.0,304.0,320.0,330.0,335.0,350.0,360.0,355.0,355.0,360.0,395.0,470.0,-1,-1,-1
Springvale South,140.0,145.0,150.0,155.0,160.0,165.0,175.0,190.0,225.0,250.0,277.0,290.0,300.0,300.0,304.0,320.0,330.0,335.0,350.0,360.0,355.0,355.0,360.0,395.0,470.0,-1,-1,-1
Noble Park - East,140.0,145.0,150.0,155.0,160.0,165.0,175.0,190.0,225.0,250.0,277.0,290.0,300.0,300.0,304.0,320.0,330.0,335.0,350.0,360.0,355.0,355.0,360.0,395.0,470.0,-1,-1,-1
Noble Park - West,140.0,145.0,150.0,155.0,160.0,165.0,175.0,190.0,225.0,250.0,277.0,290.0,300.0,300.0,304.0,320.0,330.0,335.0,350.0,360.0,355.0,355.0,360.0,395.0,470.0,-1,-1,-1
Dandenong - North,140.0,145.0,150.0,155.0,160.0,165.0,175.0,190.0,225.0,250.0,277.0,290.0,300.0,300.0,304.0,320.0,330.0,335.0,350.0,360.0,355.0,355.0,360.0,395.0,470.0,-1,-1,-1
Dandenong - South,140.0,145.0,150.0,155.0,160.0,165.0,175.0,190.0,225.0,250.0,277.0,290.0,300.0,300.0,304.0,320.0,330.0,335.0,350.0,360.0,355.0,355.0,360.0,395.0,470.0,-1,-1,-1
Keysborough - North,140.0,145.0,150.0,155.0,160.0,165.0,175.0,190.0,225.0,250.0,277.0,290.0,300.0,300.0,304.0,320.0,330.0,335.0,350.0,360.0,355.0,355.0,360.0,395.0,470.0,-1,-1,-1
Keysborough - South,140.0,145.0,150.0,155.0,160.0,165.0,175.0,190.0,225.0,250.0,277.0,290.0,300.0,300.0,304.0,320.0,330.0,335.0,350.0,360.0,355.0,355.0,360.0,395.0,470.0,-1,-1,-1
Belmont,140.0,145.0,155.0,165.0,180.0,180.0,190.0,200.0,220.0,250.0,260.0,282.0,295.0,300.0,300.0,310.0,315.0,330.0,345.0,360.0,375.0,380.0,415.0,450.0,460.0,-1,-1,-1
Geelong,140.0,145.0,155.0,165.0,180.0,180.0,190.0,200.0,220.0,250.0,260.0,282.0,295.0,300.0,300.0,310.0,315.0,330.0,345.0,360.0,375.0,380.0,415.0,450.0,460.0,-1,-1,-1
Geelong West - Hamlyn Heights,140.0,145.0,155.0,165.0,180.0,180.0,190.0,200.0,220.0,250.0,260.0,282.0,295.0,300.0,300.0,310.0,315.0,330.0,345.0,360.0,375.0,380.0,415.0,450.0,460.0,-1,-1,-1
Highton,140.0,145.0,155.0,165.0,180.0,180.0,190.0,200.0,220.0,250.0,260.0,282.0,295.0,300.0,300.0,310.0,315.0,330.0,345.0,360.0,375.0,380.0,415.0,450.0,460.0,-1,-1,-1
Lara,140.0,145.0,155.0,165.0,180.0,180.0,190.0,200.0,220.0,250.0,260.0,282.0,295.0,300.0,300.0,310.0,315.0,330.0,345.0,360.0,375.0,380.0,415.0,450.0,460.0,-1,-1,-1
Leopold,140.0,145.0,155.0,165.0,180.0,180.0,190.0,200.0,220.0,250.0,260.0,282.0,295.0,300.0,300.0,310.0,315.0,330.0,345.0,360.0,375.0,380.0,415.0,450.0,460.0,-1,-1,-1
Newcomb - Moolap,140.0,145.0,155.0,165.0,180.0,180.0,190.0,200.0,220.0,250.0,260.0,282.0,295.0,300.0,300.0,310.0,315.0,330.0,345.0,360.0,375.0,380.0,415.0,450.0,460.0,-1,-1,-1
Newtown (Vic.),140.0,145.0,155.0,165.0,180.0,180.0,190.0,200.0,220.0,250.0,260.0,282.0,295.0,300.0,300.0,310.0,315.0,330.0,345.0,360.0,375.0,380.0,415.0,450.0,460.0,-1,-1,-1
North Geelong - Bell Park,140.0,145.0,155.0,165.0,180.0,180.0,190.0,200.0,220.0,250.0,260.0,282.0,295.0,300.0,300.0,310.0,315.0,330.0,345.0,360.0,375.0,380.0,415.0,450.0,460.0,-1,-1,-1
Charlemont,140.0,145.0,155.0,165.0,180.0,180.0,190.0,200.0,220.0,250.0,260.0,282.0,295.0,300.0,300.0,310.0,315.0,330.0,345.0,360.0,375.0,380.0,415.0,450.0,460.0,-1,-1,-1
Corio - Lovely Banks,140.0,145.0,155.0,165.0,180.0,180.0,190.0,200.0,220.0,250.0,260.0,282.0,295.0,300.0,300.0,310.0,315.0,330.0,345.0,360.0,375.0,380.0,415.0,450.0,460.0,-1,-1,-1
Grovedale - Mount Duneed,140.0,145.0,155.0,165.0,180.0,180.0,190.0,200.0,220.0,250.0,260.0,282.0,295.0,300.0,300.0,310.0,315.0,330.0,345.0,360.0,375.0,380.0,415.0,450.0,460.0,-1,-1,-1
Norlane,140.0,145.0,155.0,165.0,180.0,180.0,190.0,200.0,220.0,250.0,260.0,282.0,295.0,300.0,300.0,310.0,315.0,330.0,345.0,360.0,375.0,380.0,415.0,450.0,460.0,-1,-1,-1
Clifton Springs,140.0,145.0,155.0,165.0,180.0,180.0,190.0,200.0,220.0,250.0,260.0,282.0,295.0,300.0,300.0,310.0,315.0,330.0,345.0,360.0,375.0,380.0,415.0,450.0,460.0,-1,-1,-1
Portarlington,140.0,145.0,155.0,165.0,180.0,180.0,190.0,200.0,220.0,250.0,260.0,282.0,295.0,300.0,300.0,310.0,315.0,330.0,345.0,360.0,375.0,380.0,415.0,450.0,460.0,-1,-1,-1
Point Lonsdale - Queenscliff,140.0,145.0,155.0,165.0,180.0,180.0,190.0,200.0,220.0,250.0,260.0,282.0,295.0,300.0,300.0,310.0,315.0,330.0,345.0,360.0,375.0,380.0,415.0,450.0,460.0,-1,-1,-1
Barwon Heads - Armstrong Creek,140.0,145.0,155.0,165.0,180.0,180.0,190.0,200.0,220.0,250.0,260.0,282.0,295.0,300.0,300.0,310.0,315.0,330.0,345.0,360.0,375.0,380.0,415.0,450.0,460.0,-1,-1,-1
Ocean Grove,140.0,145.0,155.0,165.0,180.0,180.0,190.0,200.0,220.0,250.0,260.0,282.0,295.0,300.0,300.0,310.0,315.0,330.0,345.0,360.0,375.0,380.0,415.0,450.0,460.0,-1,-1,-1
Benalla Surrounds,140.0,140.0,155.0,160.0,165.0,170.0,180.0,180.0,188.0,200.0,220.0,220.0,240.0,240.0,250.0,265.0,260.0,268.0,275.0,280.0,295.0,310.0,340.0,390.0,400.0,-1,-1,-1
Mooroopna,140.0,140.0,155.0,160.0,165.0,170.0,180.0,180.0,188.0,200.0,220.0,220.0,240.0,240.0,250.0,265.0,260.0,268.0,275.0,280.0,295.0,310.0,340.0,390.0,400.0,-1,-1,-1
Shepparton - North,140.0,140.0,155.0,160.0,165.0,170.0,180.0,180.0,188.0,200.0,220.0,220.0,240.0,240.0,250.0,265.0,260.0,268.0,275.0,280.0,295.0,310.0,340.0,390.0,400.0,-1,-1,-1
Shepparton Surrounds - East,140.0,140.0,155.0,160.0,165.0,170.0,180.0,180.0,188.0,200.0,220.0,220.0,240.0,240.0,250.0,265.0,260.0,268.0,275.0,280.0,295.0,310.0,340.0,390.0,400.0,-1,-1,-1
Shepparton Surrounds - West,140.0,140.0,155.0,160.0,165.0,170.0,180.0,180.0,188.0,200.0,220.0,220.0,240.0,240.0,250.0,265.0,260.0,268.0,275.0,280.0,295.0,310.0,340.0,390.0,400.0,-1,-1,-1
Kialla,140.0,140.0,155.0,160.0,165.0,170.0,180.0,180.0,188.0,200.0,220.0,220.0,240.0,240.0,250.0,265.0,260.0,268.0,275.0,280.0,295.0,310.0,340.0,390.0,400.0,-1,-1,-1
Shepparton - South East,140.0,140.0,155.0,160.0,165.0,170.0,180.0,180.0,188.0,200.0,220.0,220.0,240.0,240.0,250.0,265.0,260.0,268.0,275.0,280.0,295.0,310.0,340.0,390.0,400.0,-1,-1,-1
Daylesford,130.0,135.0,145.0,155.0,160.0,170.0,180.0,190.0,200.0,205.0,225.0,250.0,273.0,280.0,283.0,300.0,320.0,310.0,320.0,350.0,360.0,380.0,390.0,420.0,413.0,-1,-1,-1
Nhill Region,100.0,100.0,110.0,103.0,125.0,120.0,130.0,123.0,135.0,130.0,148.0,145.0,140.0,168.0,168.0,180.0,160.0,180.0,168.0,165.0,183.0,200.0,255.0,250.0,288.0,-1,-1,-1
Altona,170.0,180.0,190.0,190.0,200.0,200.0,220.0,230.0,250.0,280.0,300.0,320.0,320.0,330.0,330.0,350.0,370.0,380.0,410.0,420.0,430.0,425.0,415.0,450.0,500.0,-1,-1,-1
Altona Meadows,170.0,180.0,190.0,190.0,200.0,200.0,220.0,230.0,250.0,280.0,300.0,320.0,320.0,330.0,330.0,350.0,370.0,380.0,410.0,420.0,430.0,425.0,415.0,450.0,500.0,-1,-1,-1
Altona North,170.0,180.0,190.0,190.0,200.0,200.0,220.0,230.0,250.0,280.0,300.0,320.0,320.0,330.0,330.0,350.0,370.0,380.0,410.0,420.0,430.0,425.0,415.0,450.0,500.0,-1,-1,-1
Newport,170.0,180.0,190.0,190.0,200.0,200.0,220.0,230.0,250.0,280.0,300.0,320.0,320.0,330.0,330.0,350.0,370.0,380.0,410.0,420.0,430.0,425.0,415.0,450.0,500.0,-1,-1,-1
Seabrook,170.0,180.0,190.0,190.0,200.0,200.0,220.0,230.0,250.0,280.0,300.0,320.0,320.0,330.0,330.0,350.0,370.0,380.0,410.0,420.0,430.0,425.0,415.0,450.0,500.0,-1,-1,-1
Williamstown,170.0,180.0,190.0,190.0,200.0,200.0,220.0,230.0,250.0,280.0,300.0,320.0,320.0,330.0,330.0,350.0,370.0,380.0,410.0,420.0,430.0,425.0,415.0,450.0,500.0,-1,-1,-1
Laverton,170.0,180.0,190.0,190.0,200.0,200.0,220.0,230.0,250.0,280.0,300.0,320.0,320.0,330.0,330.0,350.0,370.0,380.0,410.0,420.0,430.0,425.0,415.0,450.0,500.0,-1,-1,-1
Horsham,120.0,125.0,127.0,135.0,145.0,160.0,160.0,165.0,170.0,175.0,180.0,190.0,210.0,222.0,230.0,250.0,250.0,255.0,275.0,270.0,270.0,298.0,330.0,340.0,350.0,-1,-1,-1
Horsham Surrounds,120.0,125.0,127.0,135.0,145.0,160.0,160.0,165.0,170.0,175.0,180.0,190.0,210.0,222.0,230.0,250.0,250.0,255.0,275.0,270.0,270.0,298.0,330.0,340.0,350.0,-1,-1,-1
Sunbury,170.0,175.0,185.0,190.0,200.0,200.0,205.0,220.0,240.0,280.0,300.0,310.0,320.0,320.0,320.0,330.0,340.0,350.0,370.0,380.0,380.0,390.0,390.0,420.0,485.0,-1,-1,-1
Sunbury - South,170.0,175.0,185.0,190.0,200.0,200.0,205.0,220.0,240.0,280.0,300.0,310.0,320.0,320.0,320.0,330.0,340.0,350.0,370.0,380.0,380.0,390.0,390.0,420.0,485.0,-1,-1,-1
Sunbury - West,170.0,175.0,185.0,190.0,200.0,200.0,205.0,220.0,240.0,280.0,300.0,310.0,320.0,320.0,320.0,330.0,340.0,350.0,370.0,380.0,380.0,390.0,390.0,420.0,485.0,-1,-1,-1
Broadmeadows,170.0,175.0,185.0,190.0,200.0,200.0,205.0,220.0,240.0,280.0,300.0,310.0,320.0,320.0,320.0,330.0,340.0,350.0,370.0,380.0,380.0,390.0,390.0,420.0,485.0,-1,-1,-1
Campbellfield - Coolaroo,170.0,175.0,185.0,190.0,200.0,200.0,205.0,220.0,240.0,280.0,300.0,310.0,320.0,320.0,320.0,330.0,340.0,350.0,370.0,380.0,380.0,390.0,390.0,420.0,485.0,-1,-1,-1
Gladstone Park - Westmeadows,170.0,175.0,185.0,190.0,200.0,200.0,205.0,220.0,240.0,280.0,300.0,310.0,320.0,320.0,320.0,330.0,340.0,350.0,370.0,380.0,380.0,390.0,390.0,420.0,485.0,-1,-1,-1
Greenvale - Bulla,170.0,175.0,185.0,190.0,200.0,200.0,205.0,220.0,240.0,280.0,300.0,310.0,320.0,320.0,320.0,330.0,340.0,350.0,370.0,380.0,380.0,390.0,390.0,420.0,485.0,-1,-1,-1
Meadow Heights,170.0,175.0,185.0,190.0,200.0,200.0,205.0,220.0,240.0,280.0,300.0,310.0,320.0,320.0,320.0,330.0,340.0,350.0,370.0,380.0,380.0,390.0,390.0,420.0,485.0,-1,-1,-1
Melbourne Airport,170.0,175.0,185.0,190.0,200.0,200.0,205.0,220.0,240.0,280.0,300.0,310.0,320.0,320.0,320.0,330.0,340.0,350.0,370.0,380.0,380.0,390.0,390.0,420.0,485.0,-1,-1,-1
Tullamarine,170.0,175.0,185.0,190.0,200.0,200.0,205.0,220.0,240.0,280.0,300.0,310.0,320.0,320.0,320.0,330.0,340.0,350.0,370.0,380.0,380.0,390.0,390.0,420.0,485.0,-1,-1,-1
Craigieburn - Central,170.0,175.0,185.0,190.0,200.0,200.0,205.0,220.0,240.0,280.0,300.0,310.0,320.0,320.0,320.0,330.0,340.0,350.0,370.0,380.0,380.0,390.0,390.0,420.0,485.0,-1,-1,-1
Craigieburn - North,170.0,175.0,185.0,190.0,200.0,200.0,205.0,220.0,240.0,280.0,300.0,310.0,320.0,320.0,320.0,330.0,340.0,350.0,370.0,380.0,380.0,390.0,390.0,420.0,485.0,-1,-1,-1
Craigieburn - South,170.0,175.0,185.0,190.0,200.0,200.0,205.0,220.0,240.0,280.0,300.0,310.0,320.0,320.0,320.0,330.0,340.0,350.0,370.0,380.0,380.0,390.0,390.0,420.0,485.0,-1,-1,-1
Mickleham - Yuroke,170.0,175.0,185.0,190.0,200.0,200.0,205.0,220.0,240.0,280.0,300.0,310.0,320.0,320.0,320.0,330.0,340.0,350.0,370.0,380.0,380.0,390.0,390.0,420.0,485.0,-1,-1,-1
Craigieburn - North West,170.0,175.0,185.0,190.0,200.0,200.0,205.0,220.0,240.0,280.0,300.0,310.0,320.0,320.0,320.0,330.0,340.0,350.0,370.0,380.0,380.0,390.0,390.0,420.0,485.0,-1,-1,-1
Craigieburn - West,170.0,175.0,185.0,190.0,200.0,200.0,205.0,220.0,240.0,280.0,300.0,310.0,320.0,320.0,320.0,330.0,340.0,350.0,370.0,380.0,380.0,390.0,390.0,420.0,485.0,-1,-1,-1
Roxburgh Park (South) - Somerton,170.0,175.0,185.0,190.0,200.0,200.0,205.0,220.0,240.0,280.0,300.0,310.0,320.0,320.0,320.0,330.0,340.0,350.0,370.0,380.0,380.0,390.0,390.0,420.0,485.0,-1,-1,-1
Roxburgh Park - North,170.0,175.0,185.0,190.0,200.0,200.0,205.0,220.0,240.0,280.0,300.0,310.0,320.0,320.0,320.0,330.0,340.0,350.0,370.0,380.0,380.0,390.0,390.0,420.0,485.0,-1,-1,-1
Rutherglen,130.0,130.0,138.0,150.0,160.0,170.0,185.0,195.0,200.0,220.0,230.0,220.0,250.0,238.0,255.0,270.0,270.0,280.0,280.0,310.0,328.0,310.0,380.0,400.0,445.0,-1,-1,-1
Beechworth,130.0,130.0,138.0,150.0,160.0,170.0,185.0,195.0,200.0,220.0,230.0,220.0,250.0,238.0,255.0,270.0,270.0,280.0,280.0,310.0,328.0,310.0,380.0,400.0,445.0,-1,-1,-1
Chiltern - Indigo Valley,130.0,130.0,138.0,150.0,160.0,170.0,185.0,195.0,200.0,220.0,230.0,220.0,250.0,238.0,255.0,270.0,270.0,280.0,280.0,310.0,328.0,310.0,380.0,400.0,445.0,-1,-1,-1
Bayswater,180.0,185.0,195.0,205.0,210.0,220.0,230.0,250.0,278.0,300.0,320.0,340.0,340.0,350.0,360.0,360.0,375.0,385.0,400.0,410.0,420.0,420.0,430.0,470.0,535.0,-1,-1,-1
Knoxfield - Scoresby,180.0,185.0,195.0,205.0,210.0,220.0,230.0,250.0,278.0,300.0,320.0,340.0,340.0,350.0,360.0,360.0,375.0,385.0,400.0,410.0,420.0,420.0,430.0,470.0,535.0,-1,-1,-1
Lysterfield,180.0,185.0,195.0,205.0,210.0,220.0,230.0,250.0,278.0,300.0,320.0,340.0,340.0,350.0,360.0,360.0,375.0,385.0,400.0,410.0,420.0,420.0,430.0,470.0,535.0,-1,-1,-1
Rowville - Central,180.0,185.0,195.0,205.0,210.0,220.0,230.0,250.0,278.0,300.0,320.0,340.0,340.0,350.0,360.0,360.0,375.0,385.0,400.0,410.0,420.0,420.0,430.0,470.0,535.0,-1,-1,-1
Rowville - North,180.0,185.0,195.0,205.0,210.0,220.0,230.0,250.0,278.0,300.0,320.0,340.0,340.0,350.0,360.0,360.0,375.0,385.0,400.0,410.0,420.0,420.0,430.0,470.0,535.0,-1,-1,-1
Rowville - South,180.0,185.0,195.0,205.0,210.0,220.0,230.0,250.0,278.0,300.0,320.0,340.0,340.0,350.0,360.0,360.0,375.0,385.0,400.0,410.0,420.0,420.0,430.0,470.0,535.0,-1,-1,-1
Wantirna,180.0,185.0,195.0,205.0,210.0,220.0,230.0,250.0,278.0,300.0,320.0,340.0,340.0,350.0,360.0,360.0,375.0,385.0,400.0,410.0,420.0,420.0,430.0,470.0,535.0,-1,-1,-1
Wantirna South,180.0,185.0,195.0,205.0,210.0,220.0,230.0,250.0,278.0,300.0,320.0,340.0,340.0,350.0,360.0,360.0,375.0,385.0,400.0,410.0,420.0,420.0,430.0,470.0,535.0,-1,-1,-1
Boronia,180.0,185.0,195.0,205.0,210.0,220.0,230.0,250.0,278.0,300.0,320.0,340.0,340.0,350.0,360.0,360.0,375.0,385.0,400.0,410.0,420.0,420.0,430.0,470.0,535.0,-1,-1,-1
Ferntree Gully - North,180.0,185.0,195.0,205.0,210.0,220.0,230.0,250.0,278.0,300.0,320.0,340.0,340.0,350.0,360.0,360.0,375.0,385.0,400.0,410.0,420.0,420.0,430.0,470.0,535.0,-1,-1,-1
Ferntree Gully (South) - Upper Ferntree Gully,180.0,185.0,195.0,205.0,210.0,220.0,230.0,250.0,278.0,300.0,320.0,340.0,340.0,350.0,360.0,360.0,375.0,385.0,400.0,410.0,420.0,420.0,430.0,470.0,535.0,-1,-1,-1
The Basin,180.0,185.0,195.0,205.0,210.0,220.0,230.0,250.0,278.0,300.0,320.0,340.0,340.0,350.0,360.0,360.0,375.0,385.0,400.0,410.0,420.0,420.0,430.0,470.0,535.0,-1,-1,-1
Kyneton,150.0,160.0,163.0,177.0,195.0,200.0,210.0,211.0,220.0,250.0,280.0,310.0,320.0,320.0,341.0,350.0,360.0,360.0,400.0,420.0,440.0,450.0,460.0,500.0,520.0,-1,-1,-1
Woodend,150.0,160.0,163.0,177.0,195.0,200.0,210.0,211.0,220.0,250.0,280.0,310.0,320.0,320.0,341.0,350.0,360.0,360.0,400.0,420.0,440.0,450.0,460.0,500.0,520.0,-1,-1,-1
Gisborne,150.0,160.0,163.0,177.0,195.0,200.0,210.0,211.0,220.0,250.0,280.0,310.0,320.0,320.0,341.0,350.0,360.0,360.0,400.0,420.0,440.0,450.0,460.0,500.0,520.0,-1,-1,-1
Macedon,150.0,160.0,163.0,177.0,195.0,200.0,210.0,211.0,220.0,250.0,280.0,310.0,320.0,320.0,341.0,350.0,360.0,360.0,400.0,420.0,440.0,450.0,460.0,500.0,520.0,-1,-1,-1
Riddells Creek,150.0,160.0,163.0,177.0,195.0,200.0,210.0,211.0,220.0,250.0,280.0,310.0,320.0,320.0,341.0,350.0,360.0,360.0,400.0,420.0,440.0,450.0,460.0,500.0,520.0,-1,-1,-1
Romsey,150.0,160.0,163.0,177.0,195.0,200.0,210.0,211.0,220.0,250.0,280.0,310.0,320.0,320.0,341.0,350.0,360.0,360.0,400.0,420.0,440.0,450.0,460.0,500.0,520.0,-1,-1,-1
Templestowe,220.0,230.0,250.0,250.0,258.0,260.0,280.0,300.0,350.0,360.0,375.0,380.0,400.0,410.0,420.0,430.0,450.0,450.0,460.0,470.0,475.0,460.0,480.0,500.0,600.0,-1,-1,-1
Templestowe Lower,220.0,230.0,250.0,250.0,258.0,260.0,280.0,300.0,350.0,360.0,375.0,380.0,400.0,410.0,420.0,430.0,450.0,450.0,460.0,470.0,475.0,460.0,480.0,500.0,600.0,-1,-1,-1
Doncaster East - North,220.0,230.0,250.0,250.0,258.0,260.0,280.0,300.0,350.0,360.0,375.0,380.0,400.0,410.0,420.0,430.0,450.0,450.0,460.0,470.0,475.0,460.0,480.0,500.0,600.0,-1,-1,-1
Doncaster East - South,220.0,230.0,250.0,250.0,258.0,260.0,280.0,300.0,350.0,360.0,375.0,380.0,400.0,410.0,420.0,430.0,450.0,450.0,460.0,470.0,475.0,460.0,480.0,500.0,600.0,-1,-1,-1
Donvale - Park Orchards,220.0,230.0,250.0,250.0,258.0,260.0,280.0,300.0,350.0,360.0,375.0,380.0,400.0,410.0,420.0,430.0,450.0,450.0,460.0,470.0,475.0,460.0,480.0,500.0,600.0,-1,-1,-1
Warrandyte - Wonga Park,220.0,230.0,250.0,250.0,258.0,260.0,280.0,300.0,350.0,360.0,375.0,380.0,400.0,410.0,420.0,430.0,450.0,450.0,460.0,470.0,475.0,460.0,480.0,500.0,600.0,-1,-1,-1
Nunawading,220.0,230.0,250.0,250.0,258.0,260.0,280.0,300.0,350.0,360.0,375.0,380.0,400.0,410.0,420.0,430.0,450.0,450.0,460.0,470.0,475.0,460.0,480.0,500.0,600.0,-1,-1,-1
Braybrook,150.0,160.0,175.0,180.0,185.0,190.0,200.0,220.0,255.0,300.0,300.0,318.0,322.0,330.0,350.0,344.0,350.0,370.0,395.0,400.0,400.0,400.0,380.0,420.0,500.0,-1,-1,-1
Footscray,150.0,160.0,175.0,180.0,185.0,190.0,200.0,220.0,255.0,300.0,300.0,318.0,322.0,330.0,350.0,344.0,350.0,370.0,395.0,400.0,400.0,400.0,380.0,420.0,500.0,-1,-1,-1
Maribyrnong,150.0,160.0,175.0,180.0,185.0,190.0,200.0,220.0,255.0,300.0,300.0,318.0,322.0,330.0,350.0,344.0,350.0,370.0,395.0,400.0,400.0,400.0,380.0,420.0,500.0,-1,-1,-1
Seddon - Kingsville,150.0,160.0,175.0,180.0,185.0,190.0,200.0,220.0,255.0,300.0,300.0,318.0,322.0,330.0,350.0,344.0,350.0,370.0,395.0,400.0,400.0,400.0,380.0,420.0,500.0,-1,-1,-1
West Footscray - Tottenham,150.0,160.0,175.0,180.0,185.0,190.0,200.0,220.0,255.0,300.0,300.0,318.0,322.0,330.0,350.0,344.0,350.0,370.0,395.0,400.0,400.0,400.0,380.0,420.0,500.0,-1,-1,-1
Yarraville,150.0,160.0,175.0,180.0,185.0,190.0,200.0,220.0,255.0,300.0,300.0,318.0,322.0,330.0,350.0,344.0,350.0,370.0,395.0,400.0,400.0,400.0,380.0,420.0,500.0,-1,-1,-1
Bayswater North,165.0,175.0,185.0,190.0,195.0,200.0,215.0,230.0,255.0,280.0,300.0,320.0,330.0,330.0,340.0,350.0,360.0,370.0,395.0,400.0,405.0,410.0,430.0,450.0,520.0,-1,-1,-1
Croydon Hills - Warranwood,165.0,175.0,185.0,190.0,195.0,200.0,215.0,230.0,255.0,280.0,300.0,320.0,330.0,330.0,340.0,350.0,360.0,370.0,395.0,400.0,405.0,410.0,430.0,450.0,520.0,-1,-1,-1
Ringwood,165.0,175.0,185.0,190.0,195.0,200.0,215.0,230.0,255.0,280.0,300.0,320.0,330.0,330.0,340.0,350.0,360.0,370.0,395.0,400.0,405.0,410.0,430.0,450.0,520.0,-1,-1,-1
Ringwood East,165.0,175.0,185.0,190.0,195.0,200.0,215.0,230.0,255.0,280.0,300.0,320.0,330.0,330.0,340.0,350.0,360.0,370.0,395.0,400.0,405.0,410.0,430.0,450.0,520.0,-1,-1,-1
Ringwood North,165.0,175.0,185.0,190.0,195.0,200.0,215.0,230.0,255.0,280.0,300.0,320.0,330.0,330.0,340.0,350.0,360.0,370.0,395.0,400.0,405.0,410.0,430.0,450.0,520.0,-1,-1,-1
Croydon - East,165.0,175.0,185.0,190.0,195.0,200.0,215.0,230.0,255.0,280.0,300.0,320.0,330.0,330.0,340.0,350.0,360.0,370.0,395.0,400.0,405.0,410.0,430.0,450.0,520.0,-1,-1,-1
Croydon - West,165.0,175.0,185.0,190.0,195.0,200.0,215.0,230.0,255.0,280.0,300.0,320.0,330.0,330.0,340.0,350.0,360.0,370.0,395.0,400.0,405.0,410.0,430.0,450.0,520.0,-1,-1,-1
Croydon South,165.0,175.0,185.0,190.0,195.0,200.0,215.0,230.0,255.0,280.0,300.0,320.0,330.0,330.0,340.0,350.0,360.0,370.0,395.0,400.0,405.0,410.0,430.0,450.0,520.0,-1,-1,-1
Vermont,165.0,175.0,185.0,190.0,195.0,200.0,215.0,230.0,255.0,280.0,300.0,320.0,330.0,330.0,340.0,350.0,360.0,370.0,395.0,400.0,405.0,410.0,430.0,450.0,520.0,-1,-1,-1
Carlton,270.0,280.0,290.0,305.0,300.0,310.0,320.0,340.0,380.0,410.0,425.0,450.0,450.0,450.0,450.0,450.0,450.0,470.0,500.0,500.0,525.0,380.0,380.0,540.0,600.0,-1,-1,-1
Docklands,270.0,280.0,290.0,305.0,300.0,310.0,320.0,340.0,380.0,410.0,425.0,450.0,450.0,450.0,450.0,450.0,450.0,470.0,500.0,500.0,525.0,380.0,380.0,540.0,600.0,-1,-1,-1
East Melbourne,270.0,280.0,290.0,305.0,300.0,310.0,320.0,340.0,380.0,410.0,425.0,450.0,450.0,450.0,450.0,450.0,450.0,470.0,500.0,500.0,525.0,380.0,380.0,540.0,600.0,-1,-1,-1
Flemington Racecourse,270.0,280.0,290.0,305.0,300.0,310.0,320.0,340.0,380.0,410.0,425.0,450.0,450.0,450.0,450.0,450.0,450.0,470.0,500.0,500.0,525.0,380.0,380.0,540.0,600.0,-1,-1,-1
Kensington (Vic.),270.0,280.0,290.0,305.0,300.0,310.0,320.0,340.0,380.0,410.0,425.0,450.0,450.0,450.0,450.0,450.0,450.0,470.0,500.0,500.0,525.0,380.0,380.0,540.0,600.0,-1,-1,-1
Parkville,270.0,280.0,290.0,305.0,300.0,310.0,320.0,340.0,380.0,410.0,425.0,450.0,450.0,450.0,450.0,450.0,450.0,470.0,500.0,500.0,525.0,380.0,380.0,540.0,600.0,-1,-1,-1
South Yarra - West,270.0,280.0,290.0,305.0,300.0,310.0,320.0,340.0,380.0,410.0,425.0,450.0,450.0,450.0,450.0,450.0,450.0,470.0,500.0,500.0,525.0,380.0,380.0,540.0,600.0,-1,-1,-1
Melbourne CBD - East,270.0,280.0,290.0,305.0,300.0,310.0,320.0,340.0,380.0,410.0,425.0,450.0,450.0,450.0,450.0,450.0,450.0,470.0,500.0,500.0,525.0,380.0,380.0,540.0,600.0,-1,-1,-1
Melbourne CBD - North,270.0,280.0,290.0,305.0,300.0,310.0,320.0,340.0,380.0,410.0,425.0,450.0,450.0,450.0,450.0,450.0,450.0,470.0,500.0,500.0,525.0,380.0,380.0,540.0,600.0,-1,-1,-1
Melbourne CBD - West,270.0,280.0,290.0,305.0,300.0,310.0,320.0,340.0,380.0,410.0,425.0,450.0,450.0,450.0,450.0,450.0,450.0,470.0,500.0,500.0,525.0,380.0,380.0,540.0,600.0,-1,-1,-1
North Melbourne,270.0,280.0,290.0,305.0,300.0,310.0,320.0,340.0,380.0,410.0,425.0,450.0,450.0,450.0,450.0,450.0,450.0,470.0,500.0,500.0,525.0,380.0,380.0,540.0,600.0,-1,-1,-1
Royal Botanic Gardens Victoria,270.0,280.0,290.0,305.0,300.0,310.0,320.0,340.0,380.0,410.0,425.0,450.0,450.0,450.0,450.0,450.0,450.0,470.0,500.0,500.0,525.0,380.0,380.0,540.0,600.0,-1,-1,-1
Southbank (West) - South Wharf,270.0,280.0,290.0,305.0,300.0,310.0,320.0,340.0,380.0,410.0,425.0,450.0,450.0,450.0,450.0,450.0,450.0,470.0,500.0,500.0,525.0,380.0,380.0,540.0,600.0,-1,-1,-1
Southbank - East,270.0,280.0,290.0,305.0,300.0,310.0,320.0,340.0,380.0,410.0,425.0,450.0,450.0,450.0,450.0,450.0,450.0,470.0,500.0,500.0,525.0,380.0,380.0,540.0,600.0,-1,-1,-1
West Melbourne - Residential,270.0,280.0,290.0,305.0,300.0,310.0,320.0,340.0,380.0,410.0,425.0,450.0,450.0,450.0,450.0,450.0,450.0,470.0,500.0,500.0,525.0,380.0,380.0,540.0,600.0,-1,-1,-1
Carlton North - Princes Hill,270.0,280.0,290.0,305.0,300.0,310.0,320.0,340.0,380.0,410.0,425.0,450.0,450.0,450.0,450.0,450.0,450.0,470.0,500.0,500.0,525.0,380.0,380.0,540.0,600.0,-1,-1,-1
Diggers Rest,155.0,160.0,170.0,185.0,190.0,195.0,210.0,210.0,240.0,260.0,275.0,290.0,300.0,300.0,310.0,320.0,335.0,340.0,355.0,370.0,380.0,380.0,380.0,408.0,470.0,-1,-1,-1
Melton West,155.0,160.0,170.0,185.0,190.0,195.0,210.0,210.0,240.0,260.0,275.0,290.0,300.0,300.0,310.0,320.0,335.0,340.0,355.0,370.0,380.0,380.0,380.0,408.0,470.0,-1,-1,-1
Rockbank - Mount Cottrell,155.0,160.0,170.0,185.0,190.0,195.0,210.0,210.0,240.0,260.0,275.0,290.0,300.0,300.0,310.0,320.0,335.0,340.0,355.0,370.0,380.0,380.0,380.0,408.0,470.0,-1,-1,-1
Taylors Hill,155.0,160.0,170.0,185.0,190.0,195.0,210.0,210.0,240.0,260.0,275.0,290.0,300.0,300.0,310.0,320.0,335.0,340.0,355.0,370.0,380.0,380.0,380.0,408.0,470.0,-1,-1,-1
Burnside,155.0,160.0,170.0,185.0,190.0,195.0,210.0,210.0,240.0,260.0,275.0,290.0,300.0,300.0,310.0,320.0,335.0,340.0,355.0,370.0,380.0,380.0,380.0,408.0,470.0,-1,-1,-1
Burnside Heights,155.0,160.0,170.0,185.0,190.0,195.0,210.0,210.0,240.0,260.0,275.0,290.0,300.0,300.0,310.0,320.0,335.0,340.0,355.0,370.0,380.0,380.0,380.0,408.0,470.0,-1,-1,-1
Caroline Springs,155.0,160.0,170.0,185.0,190.0,195.0,210.0,210.0,240.0,260.0,275.0,290.0,300.0,300.0,310.0,320.0,335.0,340.0,355.0,370.0,380.0,380.0,380.0,408.0,470.0,-1,-1,-1
Brookfield,155.0,160.0,170.0,185.0,190.0,195.0,210.0,210.0,240.0,260.0,275.0,290.0,300.0,300.0,310.0,320.0,335.0,340.0,355.0,370.0,380.0,380.0,380.0,408.0,470.0,-1,-1,-1
Cobblebank - Strathtulloh,155.0,160.0,170.0,185.0,190.0,195.0,210.0,210.0,240.0,260.0,275.0,290.0,300.0,300.0,310.0,320.0,335.0,340.0,355.0,370.0,380.0,380.0,380.0,408.0,470.0,-1,-1,-1
Eynesbury - Exford,155.0,160.0,170.0,185.0,190.0,195.0,210.0,210.0,240.0,260.0,275.0,290.0,300.0,300.0,310.0,320.0,335.0,340.0,355.0,370.0,380.0,380.0,380.0,408.0,470.0,-1,-1,-1
Fraser Rise - Plumpton,155.0,160.0,170.0,185.0,190.0,195.0,210.0,210.0,240.0,260.0,275.0,290.0,300.0,300.0,310.0,320.0,335.0,340.0,355.0,370.0,380.0,380.0,380.0,408.0,470.0,-1,-1,-1
Hillside,155.0,160.0,170.0,185.0,190.0,195.0,210.0,210.0,240.0,260.0,275.0,290.0,300.0,300.0,310.0,320.0,335.0,340.0,355.0,370.0,380.0,380.0,380.0,408.0,470.0,-1,-1,-1
Kurunjang - Toolern Vale,155.0,160.0,170.0,185.0,190.0,195.0,210.0,210.0,240.0,260.0,275.0,290.0,300.0,300.0,310.0,320.0,335.0,340.0,355.0,370.0,380.0,380.0,380.0,408.0,470.0,-1,-1,-1
Melton,155.0,160.0,170.0,185.0,190.0,195.0,210.0,210.0,240.0,260.0,275.0,290.0,300.0,300.0,310.0,320.0,335.0,340.0,355.0,370.0,380.0,380.0,380.0,408.0,470.0,-1,-1,-1
Melton South - Weir Views,155.0,160.0,170.0,185.0,190.0,195.0,210.0,210.0,240.0,260.0,275.0,290.0,300.0,300.0,310.0,320.0,335.0,340.0,355.0,370.0,380.0,380.0,380.0,408.0,470.0,-1,-1,-1
Irymple,135.0,145.0,150.0,160.0,160.0,170.0,175.0,185.0,190.0,190.0,200.0,200.0,220.0,230.0,230.0,245.0,250.0,270.0,280.0,285.0,302.0,330.0,330.0,350.0,380.0,-1,-1,-1
Merbein,135.0,145.0,150.0,160.0,160.0,170.0,175.0,185.0,190.0,190.0,200.0,200.0,220.0,230.0,230.0,245.0,250.0,270.0,280.0,285.0,302.0,330.0,330.0,350.0,380.0,-1,-1,-1
Mildura Surrounds,135.0,145.0,150.0,160.0,160.0,170.0,175.0,185.0,190.0,190.0,200.0,200.0,220.0,230.0,230.0,245.0,250.0,270.0,280.0,285.0,302.0,330.0,330.0,350.0,380.0,-1,-1,-1
Red Cliffs,135.0,145.0,150.0,160.0,160.0,170.0,175.0,185.0,190.0,190.0,200.0,200.0,220.0,230.0,230.0,245.0,250.0,270.0,280.0,285.0,302.0,330.0,330.0,350.0,380.0,-1,-1,-1
Mildura - North,135.0,145.0,150.0,160.0,160.0,170.0,175.0,185.0,190.0,190.0,200.0,200.0,220.0,230.0,230.0,245.0,250.0,270.0,280.0,285.0,302.0,330.0,330.0,350.0,380.0,-1,-1,-1
Mildura - South,135.0,145.0,150.0,160.0,160.0,170.0,175.0,185.0,190.0,190.0,200.0,200.0,220.0,230.0,230.0,245.0,250.0,270.0,280.0,285.0,302.0,330.0,330.0,350.0,380.0,-1,-1,-1
Kilmore - Broadford,130.0,135.0,145.0,150.0,170.0,180.0,180.0,180.0,210.0,235.0,240.0,270.0,280.0,285.0,285.0,290.0,300.0,300.0,330.0,340.0,350.0,360.0,380.0,400.0,440.0,-1,-1,-1
Nagambie,130.0,135.0,145.0,150.0,170.0,180.0,180.0,180.0,210.0,235.0,240.0,270.0,280.0,285.0,285.0,290.0,300.0,300.0,330.0,340.0,350.0,360.0,380.0,400.0,440.0,-1,-1,-1
Seymour,130.0,135.0,145.0,150.0,170.0,180.0,180.0,180.0,210.0,235.0,240.0,270.0,280.0,285.0,285.0,290.0,300.0,300.0,330.0,340.0,350.0,360.0,380.0,400.0,440.0,-1,-1,-1
Seymour Surrounds,130.0,135.0,145.0,150.0,170.0,180.0,180.0,180.0,210.0,235.0,240.0,270.0,280.0,285.0,285.0,290.0,300.0,300.0,330.0,340.0,350.0,360.0,380.0,400.0,440.0,-1,-1,-1
Yea,130.0,135.0,145.0,150.0,170.0,180.0,180.0,180.0,210.0,235.0,240.0,270.0,280.0,285.0,285.0,290.0,300.0,300.0,330.0,340.0,350.0,360.0,380.0,400.0,440.0,-1,-1,-1
Wallan,130.0,135.0,145.0,150.0,170.0,180.0,180.0,180.0,210.0,235.0,240.0,270.0,280.0,285.0,285.0,290.0,300.0,300.0,330.0,340.0,350.0,360.0,380.0,400.0,440.0,-1,-1,-1
Cobram,130.0,130.0,130.0,140.0,150.0,150.0,160.0,168.0,170.0,180.0,190.0,200.0,220.0,223.0,230.0,238.0,235.0,250.0,270.0,270.0,275.0,280.0,300.0,350.0,420.0,-1,-1,-1
Moira,130.0,130.0,130.0,140.0,150.0,150.0,160.0,168.0,170.0,180.0,190.0,200.0,220.0,223.0,230.0,238.0,235.0,250.0,270.0,270.0,275.0,280.0,300.0,350.0,420.0,-1,-1,-1
Numurkah,130.0,130.0,130.0,140.0,150.0,150.0,160.0,168.0,170.0,180.0,190.0,200.0,220.0,223.0,230.0,238.0,235.0,250.0,270.0,270.0,275.0,280.0,300.0,350.0,420.0,-1,-1,-1
Yarrawonga,130.0,130.0,130.0,140.0,150.0,150.0,160.0,168.0,170.0,180.0,190.0,200.0,220.0,223.0,230.0,238.0,235.0,250.0,270.0,270.0,275.0,280.0,300.0,350.0,420.0,-1,-1,-1
Hughesdale,200.0,200.0,220.0,220.0,230.0,240.0,250.0,260.0,300.0,350.0,360.0,365.0,380.0,375.0,385.0,399.0,410.0,420.0,435.0,450.0,460.0,425.0,430.0,490.0,580.0,-1,-1,-1
Ashwood - Chadstone,200.0,200.0,220.0,220.0,230.0,240.0,250.0,260.0,300.0,350.0,360.0,365.0,380.0,375.0,385.0,399.0,410.0,420.0,435.0,450.0,460.0,425.0,430.0,490.0,580.0,-1,-1,-1
Glen Waverley - East,200.0,200.0,220.0,220.0,230.0,240.0,250.0,260.0,300.0,350.0,360.0,365.0,380.0,375.0,385.0,399.0,410.0,420.0,435.0,450.0,460.0,425.0,430.0,490.0,580.0,-1,-1,-1
Glen Waverley - West,200.0,200.0,220.0,220.0,230.0,240.0,250.0,260.0,300.0,350.0,360.0,365.0,380.0,375.0,385.0,399.0,410.0,420.0,435.0,450.0,460.0,425.0,430.0,490.0,580.0,-1,-1,-1
Mount Waverley - North,200.0,200.0,220.0,220.0,230.0,240.0,250.0,260.0,300.0,350.0,360.0,365.0,380.0,375.0,385.0,399.0,410.0,420.0,435.0,450.0,460.0,425.0,430.0,490.0,580.0,-1,-1,-1
Mount Waverley - South,200.0,200.0,220.0,220.0,230.0,240.0,250.0,260.0,300.0,350.0,360.0,365.0,380.0,375.0,385.0,399.0,410.0,420.0,435.0,450.0,460.0,425.0,430.0,490.0,580.0,-1,-1,-1
Mulgrave,200.0,200.0,220.0,220.0,230.0,240.0,250.0,260.0,300.0,350.0,360.0,365.0,380.0,375.0,385.0,399.0,410.0,420.0,435.0,450.0,460.0,425.0,430.0,490.0,580.0,-1,-1,-1
Oakleigh - Huntingdale,200.0,200.0,220.0,220.0,230.0,240.0,250.0,260.0,300.0,350.0,360.0,365.0,380.0,375.0,385.0,399.0,410.0,420.0,435.0,450.0,460.0,425.0,430.0,490.0,580.0,-1,-1,-1
Wheelers Hill,200.0,200.0,220.0,220.0,230.0,240.0,250.0,260.0,300.0,350.0,360.0,365.0,380.0,375.0,385.0,399.0,410.0,420.0,435.0,450.0,460.0,425.0,430.0,490.0,580.0,-1,-1,-1
Clayton (North) - Notting Hill,200.0,200.0,220.0,220.0,230.0,240.0,250.0,260.0,300.0,350.0,360.0,365.0,380.0,375.0,385.0,399.0,410.0,420.0,435.0,450.0,460.0,425.0,430.0,490.0,580.0,-1,-1,-1
Clayton - Central,200.0,200.0,220.0,220.0,230.0,240.0,250.0,260.0,300.0,350.0,360.0,365.0,380.0,375.0,385.0,399.0,410.0,420.0,435.0,450.0,460.0,425.0,430.0,490.0,580.0,-1,-1,-1
Ascot Vale,180.0,190.0,200.0,210.0,210.0,210.0,230.0,240.0,280.0,310.0,330.0,350.0,350.0,350.0,360.0,370.0,375.0,380.0,395.0,400.0,415.0,385.0,390.0,440.0,500.0,-1,-1,-1
Flemington,180.0,190.0,200.0,210.0,210.0,210.0,230.0,240.0,280.0,310.0,330.0,350.0,350.0,350.0,360.0,370.0,375.0,380.0,395.0,400.0,415.0,385.0,390.0,440.0,500.0,-1,-1,-1
Moonee Ponds,180.0,190.0,200.0,210.0,210.0,210.0,230.0,240.0,280.0,310.0,330.0,350.0,350.0,350.0,360.0,370.0,375.0,380.0,395.0,400.0,415.0,385.0,390.0,440.0,500.0,-1,-1,-1
Essendon (West) - Aberfeldie,180.0,190.0,200.0,210.0,210.0,210.0,230.0,240.0,280.0,310.0,330.0,350.0,350.0,350.0,360.0,370.0,375.0,380.0,395.0,400.0,415.0,385.0,390.0,440.0,500.0,-1,-1,-1
Essendon - East,180.0,190.0,200.0,210.0,210.0,210.0,230.0,240.0,280.0,310.0,330.0,350.0,350.0,350.0,360.0,370.0,375.0,380.0,395.0,400.0,415.0,385.0,390.0,440.0,500.0,-1,-1,-1
Airport West,180.0,190.0,200.0,210.0,210.0,210.0,230.0,240.0,280.0,310.0,330.0,350.0,350.0,350.0,360.0,370.0,375.0,380.0,395.0,400.0,415.0,385.0,390.0,440.0,500.0,-1,-1,-1
Essendon Airport,180.0,190.0,200.0,210.0,210.0,210.0,230.0,240.0,280.0,310.0,330.0,350.0,350.0,350.0,360.0,370.0,375.0,380.0,395.0,400.0,415.0,385.0,390.0,440.0,500.0,-1,-1,-1
Niddrie - Essendon West,180.0,190.0,200.0,210.0,210.0,210.0,230.0,240.0,280.0,310.0,330.0,350.0,350.0,350.0,360.0,370.0,375.0,380.0,395.0,400.0,415.0,385.0,390.0,440.0,500.0,-1,-1,-1
Strathmore,180.0,190.0,200.0,210.0,210.0,210.0,230.0,240.0,280.0,310.0,330.0,350.0,350.0,350.0,360.0,370.0,375.0,380.0,395.0,400.0,415.0,385.0,390.0,440.0,500.0,-1,-1,-1
Avondale Heights,180.0,190.0,200.0,210.0,210.0,210.0,230.0,240.0,280.0,310.0,330.0,350.0,350.0,350.0,360.0,370.0,375.0,380.0,395.0,400.0,415.0,385.0,390.0,440.0,500.0,-1,-1,-1
Keilor East,180.0,190.0,200.0,210.0,210.0,210.0,230.0,240.0,280.0,310.0,330.0,350.0,350.0,350.0,360.0,370.0,375.0,380.0,395.0,400.0,415.0,385.0,390.0,440.0,500.0,-1,-1,-1
Bacchus Marsh Surrounds,145.0,145.0,165.0,160.0,175.0,178.0,180.0,190.0,200.0,240.0,250.0,273.0,280.0,299.0,290.0,300.0,313.0,320.0,330.0,360.0,360.0,360.0,400.0,400.0,440.0,-1,-1,-1
Bacchus Marsh,145.0,145.0,165.0,160.0,175.0,178.0,180.0,190.0,200.0,240.0,250.0,273.0,280.0,299.0,290.0,300.0,313.0,320.0,330.0,360.0,360.0,360.0,400.0,400.0,440.0,-1,-1,-1
Castlemaine,125.0,130.0,140.0,150.0,160.0,175.0,183.0,190.0,200.0,220.0,220.0,260.0,270.0,283.0,290.0,295.0,300.0,310.0,325.0,323.0,340.0,375.0,400.0,423.0,460.0,-1,-1,-1
Glenelg (Vic.),120.0,125.0,140.0,150.0,160.0,180.0,180.0,180.0,190.0,200.0,250.0,260.0,270.0,250.0,260.0,270.0,280.0,300.0,283.0,300.0,340.0,363.0,360.0,400.0,410.0,-1,-1,-1
Southern Grampians,120.0,125.0,140.0,150.0,160.0,180.0,180.0,180.0,190.0,200.0,250.0,260.0,270.0,250.0,260.0,270.0,280.0,300.0,283.0,300.0,340.0,363.0,360.0,400.0,410.0,-1,-1,-1
Moyne - West,120.0,125.0,140.0,150.0,160.0,180.0,180.0,180.0,190.0,200.0,250.0,260.0,270.0,250.0,260.0,270.0,280.0,300.0,283.0,300.0,340.0,363.0,360.0,400.0,410.0,-1,-1,-1
Warrnambool - North,120.0,125.0,140.0,150.0,160.0,180.0,180.0,180.0,190.0,200.0,250.0,260.0,270.0,250.0,260.0,270.0,280.0,300.0,283.0,300.0,340.0,363.0,360.0,400.0,410.0,-1,-1,-1
Warrnambool - South,120.0,125.0,140.0,150.0,160.0,180.0,180.0,180.0,190.0,200.0,250.0,260.0,270.0,250.0,260.0,270.0,280.0,300.0,283.0,300.0,340.0,363.0,360.0,400.0,410.0,-1,-1,-1
Alexandra,120.0,125.0,130.0,140.0,150.0,170.0,170.0,170.0,200.0,210.0,213.0,225.0,235.0,245.0,250.0,270.0,263.0,280.0,290.0,290.0,300.0,318.0,340.0,370.0,393.0,-1,-1,-1
Euroa,120.0,125.0,130.0,140.0,150.0,170.0,170.0,170.0,200.0,210.0,213.0,225.0,235.0,245.0,250.0,270.0,263.0,280.0,290.0,290.0,300.0,318.0,340.0,370.0,393.0,-1,-1,-1
Mansfield (Vic.),120.0,125.0,130.0,140.0,150.0,170.0,170.0,170.0,200.0,210.0,213.0,225.0,235.0,245.0,250.0,270.0,263.0,280.0,290.0,290.0,300.0,318.0,340.0,370.0,393.0,-1,-1,-1
Kinglake,120.0,125.0,130.0,140.0,150.0,170.0,170.0,170.0,200.0,210.0,213.0,225.0,235.0,245.0,250.0,270.0,263.0,280.0,290.0,290.0,300.0,318.0,340.0,370.0,393.0,-1,-1,-1
St Arnaud,110.0,115.0,115.0,123.0,125.0,125.0,130.0,140.0,140.0,150.0,155.0,160.0,163.0,180.0,178.0,190.0,215.0,190.0,180.0,220.0,250.0,270.0,290.0,315.0,340.0,-1,-1,-1
Stawell,110.0,115.0,115.0,123.0,125.0,125.0,130.0,140.0,140.0,150.0,155.0,160.0,163.0,180.0,178.0,190.0,215.0,190.0,180.0,220.0,250.0,270.0,290.0,315.0,340.0,-1,-1,-1
Yarriambiack,110.0,115.0,115.0,123.0,125.0,125.0,130.0,140.0,140.0,150.0,155.0,160.0,163.0,180.0,178.0,190.0,215.0,190.0,180.0,220.0,250.0,270.0,290.0,315.0,340.0,-1,-1,-1
Foster,110.0,110.0,120.0,130.0,150.0,153.0,160.0,165.0,180.0,190.0,200.0,225.0,240.0,240.0,245.0,250.0,240.0,255.0,250.0,280.0,290.0,310.0,340.0,370.0,400.0,-1,-1,-1
Wilsons Promontory,110.0,110.0,120.0,130.0,150.0,153.0,160.0,165.0,180.0,190.0,200.0,225.0,240.0,240.0,245.0,250.0,240.0,255.0,250.0,280.0,290.0,310.0,340.0,370.0,400.0,-1,-1,-1
Churchill,110.0,110.0,120.0,130.0,150.0,153.0,160.0,165.0,180.0,190.0,200.0,225.0,240.0,240.0,245.0,250.0,240.0,255.0,250.0,280.0,290.0,310.0,340.0,370.0,400.0,-1,-1,-1
Hamilton (Vic.),110.0,100.0,110.0,100.0,140.0,170.0,180.0,185.0,180.0,180.0,200.0,200.0,230.0,210.0,220.0,230.0,230.0,220.0,240.0,240.0,260.0,280.0,305.0,310.0,340.0,-1,-1,-1
Armadale,210.0,230.0,240.0,250.0,250.0,260.0,261.0,285.0,325.0,350.0,380.0,390.0,400.0,400.0,400.0,420.0,420.0,440.0,460.0,470.0,485.0,425.0,410.0,485.0,580.0,-1,-1,-1
Prahran - Windsor,210.0,230.0,240.0,250.0,250.0,260.0,261.0,285.0,325.0,350.0,380.0,390.0,400.0,400.0,400.0,420.0,420.0,440.0,460.0,470.0,485.0,425.0,410.0,485.0,580.0,-1,-1,-1
Toorak,210.0,230.0,240.0,250.0,250.0,260.0,261.0,285.0,325.0,350.0,380.0,390.0,400.0,400.0,400.0,420.0,420.0,440.0,460.0,470.0,485.0,425.0,410.0,485.0,580.0,-1,-1,-1
South Yarra - North,210.0,230.0,240.0,250.0,250.0,260.0,261.0,285.0,325.0,350.0,380.0,390.0,400.0,400.0,400.0,420.0,420.0,440.0,460.0,470.0,485.0,425.0,410.0,485.0,580.0,-1,-1,-1
South Yarra - South,210.0,230.0,240.0,250.0,250.0,260.0,261.0,285.0,325.0,350.0,380.0,390.0,400.0,400.0,400.0,420.0,420.0,440.0,460.0,470.0,485.0,425.0,410.0,485.0,580.0,-1,-1,-1
Malvern - Glen Iris,210.0,230.0,240.0,250.0,250.0,260.0,261.0,285.0,325.0,350.0,380.0,390.0,400.0,400.0,400.0,420.0,420.0,440.0,460.0,470.0,485.0,425.0,410.0,485.0,580.0,-1,-1,-1
Malvern East,210.0,230.0,240.0,250.0,250.0,260.0,261.0,285.0,325.0,350.0,380.0,390.0,400.0,400.0,400.0,420.0,420.0,440.0,460.0,470.0,485.0,425.0,410.0,485.0,580.0,-1,-1,-1
Winchelsea,150.0,165.0,170.0,210.0,210.0,220.0,250.0,260.0,280.0,300.0,330.0,360.0,400.0,380.0,375.0,400.0,410.0,450.0,450.0,465.0,450.0,470.0,500.0,540.0,525.0,-1,-1,-1
Lorne - Anglesea,150.0,165.0,170.0,210.0,210.0,220.0,250.0,260.0,280.0,300.0,330.0,360.0,400.0,380.0,375.0,400.0,410.0,450.0,450.0,465.0,450.0,470.0,500.0,540.0,525.0,-1,-1,-1
Torquay,150.0,165.0,170.0,210.0,210.0,220.0,250.0,260.0,280.0,300.0,330.0,360.0,400.0,380.0,375.0,400.0,410.0,450.0,450.0,465.0,450.0,470.0,500.0,540.0,525.0,-1,-1,-1
Robinvale,125.0,140.0,140.0,150.0,155.0,165.0,160.0,170.0,180.0,180.0,190.0,207.0,200.0,215.0,220.0,230.0,220.0,230.0,240.0,240.0,270.0,300.0,303.0,320.0,390.0,-1,-1,-1
Swan Hill,125.0,140.0,140.0,150.0,155.0,165.0,160.0,170.0,180.0,180.0,190.0,207.0,200.0,215.0,220.0,230.0,220.0,230.0,240.0,240.0,270.0,300.0,303.0,320.0,390.0,-1,-1,-1
Towong,125.0,91.0,100.0,130.0,128.0,135.0,130.0,130.0,140.0,160.0,175.0,153.0,180.0,188.0,195.0,210.0,220.0,230.0,250.0,220.0,255.0,280.0,300.0,340.0,350.0,-1,-1,-1
Wangaratta,125.0,130.0,140.0,140.0,155.0,155.0,170.0,175.0,190.0,190.0,210.0,200.0,220.0,240.0,238.0,240.0,260.0,270.0,263.0,275.0,300.0,320.0,360.0,380.0,400.0,-1,-1,-1
Wangaratta Surrounds,125.0,130.0,140.0,140.0,155.0,155.0,170.0,175.0,190.0,190.0,210.0,200.0,220.0,240.0,238.0,240.0,260.0,270.0,263.0,275.0,300.0,320.0,360.0,380.0,400.0,-1,-1,-1
Alps - West,110.0,120.0,120.0,125.0,140.0,140.0,150.0,160.0,170.0,195.0,200.0,215.0,225.0,230.0,240.0,250.0,250.0,255.0,260.0,270.0,280.0,300.0,360.0,385.0,400.0,-1,-1,-1
Maffra,110.0,120.0,120.0,125.0,140.0,140.0,150.0,160.0,170.0,195.0,200.0,215.0,225.0,230.0,240.0,250.0,250.0,255.0,260.0,270.0,280.0,300.0,360.0,385.0,400.0,-1,-1,-1
Rosedale,110.0,120.0,120.0,125.0,140.0,140.0,150.0,160.0,170.0,195.0,200.0,215.0,225.0,230.0,240.0,250.0,250.0,255.0,260.0,270.0,280.0,300.0,360.0,385.0,400.0,-1,-1,-1
Sale,110.0,120.0,120.0,125.0,140.0,140.0,150.0,160.0,170.0,195.0,200.0,215.0,225.0,230.0,240.0,250.0,250.0,255.0,260.0,270.0,280.0,300.0,360.0,385.0,400.0,-1,-1,-1
Yarram,110.0,120.0,120.0,125.0,140.0,140.0,150.0,160.0,170.0,195.0,200.0,215.0,225.0,230.0,240.0,250.0,250.0,255.0,260.0,270.0,280.0,300.0,360.0,385.0,400.0,-1,-1,-1
Blackburn,190.0,195.0,215.0,220.0,230.0,235.0,245.0,260.0,300.0,335.0,350.0,360.0,375.0,370.0,381.0,395.0,400.0,400.0,430.0,450.0,450.0,410.0,425.0,475.0,550.0,-1,-1,-1
Blackburn South,190.0,195.0,215.0,220.0,230.0,235.0,245.0,260.0,300.0,335.0,350.0,360.0,375.0,370.0,381.0,395.0,400.0,400.0,430.0,450.0,450.0,410.0,425.0,475.0,550.0,-1,-1,-1
Box Hill,190.0,195.0,215.0,220.0,230.0,235.0,245.0,260.0,300.0,335.0,350.0,360.0,375.0,370.0,381.0,395.0,400.0,400.0,430.0,450.0,450.0,410.0,425.0,475.0,550.0,-1,-1,-1
Box Hill North,190.0,195.0,215.0,220.0,230.0,235.0,245.0,260.0,300.0,335.0,350.0,360.0,375.0,370.0,381.0,395.0,400.0,400.0,430.0,450.0,450.0,410.0,425.0,475.0,550.0,-1,-1,-1
Burwood (Vic.),190.0,195.0,215.0,220.0,230.0,235.0,245.0,260.0,300.0,335.0,350.0,360.0,375.0,370.0,381.0,395.0,400.0,400.0,430.0,450.0,450.0,410.0,425.0,475.0,550.0,-1,-1,-1
Burwood East,190.0,195.0,215.0,220.0,230.0,235.0,245.0,260.0,300.0,335.0,350.0,360.0,375.0,370.0,381.0,395.0,400.0,400.0,430.0,450.0,450.0,410.0,425.0,475.0,550.0,-1,-1,-1
Surrey Hills (East) - Mont Albert,190.0,195.0,215.0,220.0,230.0,235.0,245.0,260.0,300.0,335.0,350.0,360.0,375.0,370.0,381.0,395.0,400.0,400.0,430.0,450.0,450.0,410.0,425.0,475.0,550.0,-1,-1,-1
Forest Hill,190.0,195.0,215.0,220.0,230.0,235.0,245.0,260.0,300.0,335.0,350.0,360.0,375.0,370.0,381.0,395.0,400.0,400.0,430.0,450.0,450.0,410.0,425.0,475.0,550.0,-1,-1,-1
Mitcham (Vic.),190.0,195.0,215.0,220.0,230.0,235.0,245.0,260.0,300.0,335.0,350.0,360.0,375.0,370.0,381.0,395.0,400.0,400.0,430.0,450.0,450.0,410.0,425.0,475.0,550.0,-1,-1,-1
Vermont South,190.0,195.0,215.0,220.0,230.0,235.0,245.0,260.0,300.0,335.0,350.0,360.0,375.0,370.0,381.0,395.0,400.0,400.0,430.0,450.0,450.0,410.0,425.0,475.0,550.0,-1,-1,-1
Bundoora - North,170.0,180.0,185.0,193.0,200.0,205.0,215.0,220.0,255.0,290.0,300.0,320.0,330.0,320.0,325.0,330.0,340.0,350.0,360.0,375.0,380.0,380.0,395.0,420.0,500.0,-1,-1,-1
Bundoora - West,170.0,180.0,185.0,193.0,200.0,205.0,215.0,220.0,255.0,290.0,300.0,320.0,330.0,320.0,325.0,330.0,340.0,350.0,360.0,375.0,380.0,380.0,395.0,420.0,500.0,-1,-1,-1
Mill Park - North,170.0,180.0,185.0,193.0,200.0,205.0,215.0,220.0,255.0,290.0,300.0,320.0,330.0,320.0,325.0,330.0,340.0,350.0,360.0,375.0,380.0,380.0,395.0,420.0,500.0,-1,-1,-1
Mill Park - South,170.0,180.0,185.0,193.0,200.0,205.0,215.0,220.0,255.0,290.0,300.0,320.0,330.0,320.0,325.0,330.0,340.0,350.0,360.0,375.0,380.0,380.0,395.0,420.0,500.0,-1,-1,-1
Thomastown,170.0,180.0,185.0,193.0,200.0,205.0,215.0,220.0,255.0,290.0,300.0,320.0,330.0,320.0,325.0,330.0,340.0,350.0,360.0,375.0,380.0,380.0,395.0,420.0,500.0,-1,-1,-1
Whittlesea,170.0,180.0,185.0,193.0,200.0,205.0,215.0,220.0,255.0,290.0,300.0,320.0,330.0,320.0,325.0,330.0,340.0,350.0,360.0,375.0,380.0,380.0,395.0,420.0,500.0,-1,-1,-1
Epping - East,170.0,180.0,185.0,193.0,200.0,205.0,215.0,220.0,255.0,290.0,300.0,320.0,330.0,320.0,325.0,330.0,340.0,350.0,360.0,375.0,380.0,380.0,395.0,420.0,500.0,-1,-1,-1
Epping - South,170.0,180.0,185.0,193.0,200.0,205.0,215.0,220.0,255.0,290.0,300.0,320.0,330.0,320.0,325.0,330.0,340.0,350.0,360.0,375.0,380.0,380.0,395.0,420.0,500.0,-1,-1,-1
Epping (Vic.) - West,170.0,180.0,185.0,193.0,200.0,205.0,215.0,220.0,255.0,290.0,300.0,320.0,330.0,320.0,325.0,330.0,340.0,350.0,360.0,375.0,380.0,380.0,395.0,420.0,500.0,-1,-1,-1
South Morang - North,170.0,180.0,185.0,193.0,200.0,205.0,215.0,220.0,255.0,290.0,300.0,320.0,330.0,320.0,325.0,330.0,340.0,350.0,360.0,375.0,380.0,380.0,395.0,420.0,500.0,-1,-1,-1
South Morang - South,170.0,180.0,185.0,193.0,200.0,205.0,215.0,220.0,255.0,290.0,300.0,320.0,330.0,320.0,325.0,330.0,340.0,350.0,360.0,375.0,380.0,380.0,395.0,420.0,500.0,-1,-1,-1
Wollert,170.0,180.0,185.0,193.0,200.0,205.0,215.0,220.0,255.0,290.0,300.0,320.0,330.0,320.0,325.0,330.0,340.0,350.0,360.0,375.0,380.0,380.0,395.0,420.0,500.0,-1,-1,-1
Doreen - North,170.0,180.0,185.0,193.0,200.0,205.0,215.0,220.0,255.0,290.0,300.0,320.0,330.0,320.0,325.0,330.0,340.0,350.0,360.0,375.0,380.0,380.0,395.0,420.0,500.0,-1,-1,-1
Doreen - South,170.0,180.0,185.0,193.0,200.0,205.0,215.0,220.0,255.0,290.0,300.0,320.0,330.0,320.0,325.0,330.0,340.0,350.0,360.0,375.0,380.0,380.0,395.0,420.0,500.0,-1,-1,-1
Lalor - East,170.0,180.0,185.0,193.0,200.0,205.0,215.0,220.0,255.0,290.0,300.0,320.0,330.0,320.0,325.0,330.0,340.0,350.0,360.0,375.0,380.0,380.0,395.0,420.0,500.0,-1,-1,-1
Lalor - West,170.0,180.0,185.0,193.0,200.0,205.0,215.0,220.0,255.0,290.0,300.0,320.0,330.0,320.0,325.0,330.0,340.0,350.0,360.0,375.0,380.0,380.0,395.0,420.0,500.0,-1,-1,-1
Mernda - North,170.0,180.0,185.0,193.0,200.0,205.0,215.0,220.0,255.0,290.0,300.0,320.0,330.0,320.0,325.0,330.0,340.0,350.0,360.0,375.0,380.0,380.0,395.0,420.0,500.0,-1,-1,-1
Mernda - South,170.0,180.0,185.0,193.0,200.0,205.0,215.0,220.0,255.0,290.0,300.0,320.0,330.0,320.0,325.0,330.0,340.0,350.0,360.0,375.0,380.0,380.0,395.0,420.0,500.0,-1,-1,-1
West Wodonga,150.0,150.0,155.0,165.0,190.0,190.0,203.0,224.0,230.0,230.0,240.0,250.0,260.0,270.0,280.0,290.0,300.0,300.0,300.0,330.0,340.0,350.0,390.0,425.0,450.0,-1,-1,-1
Baranduda - Leneva,150.0,150.0,155.0,165.0,190.0,190.0,203.0,224.0,230.0,230.0,240.0,250.0,260.0,270.0,280.0,290.0,300.0,300.0,300.0,330.0,340.0,350.0,390.0,425.0,450.0,-1,-1,-1
Wodonga,150.0,150.0,155.0,165.0,190.0,190.0,203.0,224.0,230.0,230.0,240.0,250.0,260.0,270.0,280.0,290.0,300.0,300.0,300.0,330.0,340.0,350.0,390.0,425.0,450.0,-1,-1,-1
Hoppers Crossing - North,165.0,170.0,175.0,180.0,185.0,190.0,200.0,215.0,240.0,280.0,280.0,295.0,300.0,300.0,310.0,320.0,340.0,350.0,370.0,380.0,380.0,370.0,370.0,410.0,480.0,-1,-1,-1
Hoppers Crossing - South,165.0,170.0,175.0,180.0,185.0,190.0,200.0,215.0,240.0,280.0,280.0,295.0,300.0,300.0,310.0,320.0,340.0,350.0,370.0,380.0,380.0,370.0,370.0,410.0,480.0,-1,-1,-1
Werribee - South,165.0,170.0,175.0,180.0,185.0,190.0,200.0,215.0,240.0,280.0,280.0,295.0,300.0,300.0,310.0,320.0,340.0,350.0,370.0,380.0,380.0,370.0,370.0,410.0,480.0,-1,-1,-1
Point Cook - East,165.0,170.0,175.0,180.0,185.0,190.0,200.0,215.0,240.0,280.0,280.0,295.0,300.0,300.0,310.0,320.0,340.0,350.0,370.0,380.0,380.0,370.0,370.0,410.0,480.0,-1,-1,-1
Point Cook - South,165.0,170.0,175.0,180.0,185.0,190.0,200.0,215.0,240.0,280.0,280.0,295.0,300.0,300.0,310.0,320.0,340.0,350.0,370.0,380.0,380.0,370.0,370.0,410.0,480.0,-1,-1,-1
Werribee - East,165.0,170.0,175.0,180.0,185.0,190.0,200.0,215.0,240.0,280.0,280.0,295.0,300.0,300.0,310.0,320.0,340.0,350.0,370.0,380.0,380.0,370.0,370.0,410.0,480.0,-1,-1,-1
Werribee - West,165.0,170.0,175.0,180.0,185.0,190.0,200.0,215.0,240.0,280.0,280.0,295.0,300.0,300.0,310.0,320.0,340.0,350.0,370.0,380.0,380.0,370.0,370.0,410.0,480.0,-1,-1,-1
Manor Lakes - Quandong,165.0,170.0,175.0,180.0,185.0,190.0,200.0,215.0,240.0,280.0,280.0,295.0,300.0,300.0,310.0,320.0,340.0,350.0,370.0,380.0,380.0,370.0,370.0,410.0,480.0,-1,-1,-1
Point Cook - North East,165.0,170.0,175.0,180.0,185.0,190.0,200.0,215.0,240.0,280.0,280.0,295.0,300.0,300.0,310.0,320.0,340.0,350.0,370.0,380.0,380.0,370.0,370.0,410.0,480.0,-1,-1,-1
Point Cook - North West,165.0,170.0,175.0,180.0,185.0,190.0,200.0,215.0,240.0,280.0,280.0,295.0,300.0,300.0,310.0,320.0,340.0,350.0,370.0,380.0,380.0,370.0,370.0,410.0,480.0,-1,-1,-1
Tarneit (West) - Mount Cottrell,165.0,170.0,175.0,180.0,185.0,190.0,200.0,215.0,240.0,280.0,280.0,295.0,300.0,300.0,310.0,320.0,340.0,350.0,370.0,380.0,380.0,370.0,370.0,410.0,480.0,-1,-1,-1
Tarneit - Central,165.0,170.0,175.0,180.0,185.0,190.0,200.0,215.0,240.0,280.0,280.0,295.0,300.0,300.0,310.0,320.0,340.0,350.0,370.0,380.0,380.0,370.0,370.0,410.0,480.0,-1,-1,-1
Tarneit - North,165.0,170.0,175.0,180.0,185.0,190.0,200.0,215.0,240.0,280.0,280.0,295.0,300.0,300.0,310.0,320.0,340.0,350.0,370.0,380.0,380.0,370.0,370.0,410.0,480.0,-1,-1,-1
Tarneit - South,165.0,170.0,175.0,180.0,185.0,190.0,200.0,215.0,240.0,280.0,280.0,295.0,300.0,300.0,310.0,320.0,340.0,350.0,370.0,380.0,380.0,370.0,370.0,410.0,480.0,-1,-1,-1
Truganina - North,165.0,170.0,175.0,180.0,185.0,190.0,200.0,215.0,240.0,280.0,280.0,295.0,300.0,300.0,310.0,320.0,340.0,350.0,370.0,380.0,380.0,370.0,370.0,410.0,480.0,-1,-1,-1
Truganina - South East,165.0,170.0,175.0,180.0,185.0,190.0,200.0,215.0,240.0,280.0,280.0,295.0,300.0,300.0,310.0,320.0,340.0,350.0,370.0,380.0,380.0,370.0,370.0,410.0,480.0,-1,-1,-1
Truganina - South West,165.0,170.0,175.0,180.0,185.0,190.0,200.0,215.0,240.0,280.0,280.0,295.0,300.0,300.0,310.0,320.0,340.0,350.0,370.0,380.0,380.0,370.0,370.0,410.0,480.0,-1,-1,-1
Wyndham Vale - North,165.0,170.0,175.0,180.0,185.0,190.0,200.0,215.0,240.0,280.0,280.0,295.0,300.0,300.0,310.0,320.0,340.0,350.0,370.0,380.0,380.0,370.0,370.0,410.0,480.0,-1,-1,-1
Wyndham Vale - South,165.0,170.0,175.0,180.0,185.0,190.0,200.0,215.0,240.0,280.0,280.0,295.0,300.0,300.0,310.0,320.0,340.0,350.0,370.0,380.0,380.0,370.0,370.0,410.0,480.0,-1,-1,-1
Abbotsford,232.0,260.0,270.0,270.0,270.0,270.0,295.0,320.0,350.0,400.0,400.0,415.0,440.0,450.0,450.0,450.0,450.0,460.0,485.0,515.0,518.0,460.0,451.0,550.0,620.0,-1,-1,-1
Collingwood,232.0,260.0,270.0,270.0,270.0,270.0,295.0,320.0,350.0,400.0,400.0,415.0,440.0,450.0,450.0,450.0,450.0,460.0,485.0,515.0,518.0,460.0,451.0,550.0,620.0,-1,-1,-1
Fitzroy,232.0,260.0,270.0,270.0,270.0,270.0,295.0,320.0,350.0,400.0,400.0,415.0,440.0,450.0,450.0,450.0,450.0,460.0,485.0,515.0,518.0,460.0,451.0,550.0,620.0,-1,-1,-1
Fitzroy North,232.0,260.0,270.0,270.0,270.0,270.0,295.0,320.0,350.0,400.0,400.0,415.0,440.0,450.0,450.0,450.0,450.0,460.0,485.0,515.0,518.0,460.0,451.0,550.0,620.0,-1,-1,-1
Clifton Hill - Alphington,232.0,260.0,270.0,270.0,270.0,270.0,295.0,320.0,350.0,400.0,400.0,415.0,440.0,450.0,450.0,450.0,450.0,460.0,485.0,515.0,518.0,460.0,451.0,550.0,620.0,-1,-1,-1
Richmond (South) - Cremorne,232.0,260.0,270.0,270.0,270.0,270.0,295.0,320.0,350.0,400.0,400.0,415.0,440.0,450.0,450.0,450.0,450.0,460.0,485.0,515.0,518.0,460.0,451.0,550.0,620.0,-1,-1,-1
Richmond - North,232.0,260.0,270.0,270.0,270.0,270.0,295.0,320.0,350.0,400.0,400.0,415.0,440.0,450.0,450.0,450.0,450.0,460.0,485.0,515.0,518.0,460.0,451.0,550.0,620.0,-1,-1,-1
Upper Yarra Valley,160.0,165.0,175.0,185.0,195.0,200.0,210.0,220.0,250.0,285.0,300.0,330.0,330.0,330.0,350.0,350.0,360.0,370.0,390.0,400.0,400.0,415.0,450.0,480.0,523.0,-1,-1,-1
Chirnside Park,160.0,165.0,175.0,185.0,195.0,200.0,210.0,220.0,250.0,285.0,300.0,330.0,330.0,330.0,350.0,350.0,360.0,370.0,390.0,400.0,400.0,415.0,450.0,480.0,523.0,-1,-1,-1
Healesville - Yarra Glen,160.0,165.0,175.0,185.0,195.0,200.0,210.0,220.0,250.0,285.0,300.0,330.0,330.0,330.0,350.0,350.0,360.0,370.0,390.0,400.0,400.0,415.0,450.0,480.0,523.0,-1,-1,-1
Kilsyth,160.0,165.0,175.0,185.0,195.0,200.0,210.0,220.0,250.0,285.0,300.0,330.0,330.0,330.0,350.0,350.0,360.0,370.0,390.0,400.0,400.0,415.0,450.0,480.0,523.0,-1,-1,-1
Lilydale - Coldstream,160.0,165.0,175.0,185.0,195.0,200.0,210.0,220.0,250.0,285.0,300.0,330.0,330.0,330.0,350.0,350.0,360.0,370.0,390.0,400.0,400.0,415.0,450.0,480.0,523.0,-1,-1,-1
Monbulk - Silvan,160.0,165.0,175.0,185.0,195.0,200.0,210.0,220.0,250.0,285.0,300.0,330.0,330.0,330.0,350.0,350.0,360.0,370.0,390.0,400.0,400.0,415.0,450.0,480.0,523.0,-1,-1,-1
Montrose,160.0,165.0,175.0,185.0,195.0,200.0,210.0,220.0,250.0,285.0,300.0,330.0,330.0,330.0,350.0,350.0,360.0,370.0,390.0,400.0,400.0,415.0,450.0,480.0,523.0,-1,-1,-1
Mooroolbark,160.0,165.0,175.0,185.0,195.0,200.0,210.0,220.0,250.0,285.0,300.0,330.0,330.0,330.0,350.0,350.0,360.0,370.0,390.0,400.0,400.0,415.0,450.0,480.0,523.0,-1,-1,-1
Mount Dandenong - Olinda,160.0,165.0,175.0,185.0,195.0,200.0,210.0,220.0,250.0,285.0,300.0,330.0,330.0,330.0,350.0,350.0,360.0,370.0,390.0,400.0,400.0,415.0,450.0,480.0,523.0,-1,-1,-1
Mount Evelyn,160.0,165.0,175.0,185.0,195.0,200.0,210.0,220.0,250.0,285.0,300.0,330.0,330.0,330.0,350.0,350.0,360.0,370.0,390.0,400.0,400.0,415.0,450.0,480.0,523.0,-1,-1,-1
Upwey - Tecoma,160.0,165.0,175.0,185.0,195.0,200.0,210.0,220.0,250.0,285.0,300.0,330.0,330.0,330.0,350.0,350.0,360.0,370.0,390.0,400.0,400.0,415.0,450.0,480.0,523.0,-1,-1,-1
Wandin - Seville,160.0,165.0,175.0,185.0,195.0,200.0,210.0,220.0,250.0,285.0,300.0,330.0,330.0,330.0,350.0,350.0,360.0,370.0,390.0,400.0,400.0,415.0,450.0,480.0,523.0,-1,-1,-1
Yarra Valley,160.0,165.0,175.0,185.0,195.0,200.0,210.0,220.0,250.0,285.0,300.0,330.0,330.0,330.0,350.0,350.0,360.0,370.0,390.0,400.0,400.0,415.0,450.0,480.0,523.0,-1,-1,-1
