id,lat,lon,amenity,name
89090066,-37.7882544,145.1578704,police,Doncaster Police Station
256218806,-37.8534566,145.0981599,fire_station,Fire Station No. 23
311890554,-37.874021,145.4053316,fire_station,Monbulk CFA
321890071,-36.8705713,144.5009584,fire_station,Mosquito Creek CFA
330382767,-37.2882485,142.9321135,fire_station,Ararat Fire Brigade
331732994,-37.36917,142.9384244,fire_station,Former Langi Logan Fire Station
332374189,-39.0307032,146.3215266,police,
385613819,-37.9648454,145.0566785,police,Cheltenham Police Station
442867546,-37.9114643,145.3679879,fire_station,Selby CFA
448165792,-37.7006241,145.2855089,fire_station,Christmas Hills South CFA
489396393,-38.3798941,146.2730229,police,Boolarra Police Station
489397336,-38.3770685,146.2761425,fire_station,Boolarra Fire Station
553414021,-37.2563015,145.7975222,fire_station,
556088781,-38.2652295,145.5634091,police,Lang Lang
587463085,-38.163984,145.935801,fire_station,Warragul CFA
595573010,-37.1366022,142.5187966,fire_station,Halls Gap CFA
595636256,-37.7478172,142.02598,police,Hamilton Police Station
595868775,-37.6015426,141.6930054,fire_station,Coleraine CFA
597124579,-37.6839091,143.3612171,police,Skipton Police Station
597124620,-37.9901765,145.2171922,police,Dandenong Police Station
597124646,-37.6514371,143.8845924,police,Buninyong Police Station
597124783,-37.8678683,144.9906544,police,St Kilda Police Station
597124793,-37.8804749,145.1284828,police,Mount Waverley Police Station
597124830,-37.799029,145.2785836,police,Croydon Police Station
597124857,-37.2035135,145.0553196,police,Broadford Police Station
597124858,-37.0200595,145.1300851,police,Seymour Police Station
597124908,-36.3814284,145.3980906,police,Shepparton Police Station
597124913,-36.4634092,146.2274112,police,Glenrowan Police Station
597124920,-38.1506446,146.789203,police,Rosedale
597124930,-37.825849,147.6358997,police,Bairnsdale Police Station
597205859,-38.3745948,142.2300971,fire_station,Port Fairy CFA
597937067,-37.1945487,143.8286147,fire_station,Mount Cameron CFA
599796253,-37.9226513,141.2739136,fire_station,Dartmoor CFA
601449546,-37.5894063,141.3367329,fire_station,Corndale CFA
613987395,-37.817967,144.96732,police,Flinders Street Station Police Booth
652213800,-38.3359739,144.7423624,police,Sorrento
653304890,-37.7823196,145.6094188,fire_station,
660561390,-38.0311699,145.2584972,fire_station,Hampton Park Fire Brigade
660942269,-37.6564739,145.5179128,fire_station,Healesville CFA
667271928,-38.3073993,146.4175024,police,Churchill Police Station
674652566,-37.6176834,144.3444869,fire_station,Myrniong CFA
687480929,-38.4829357,142.9672628,fire_station,Timboon CFA Station
703059103,-37.4163746,144.9810454,fire_station,Wallan Fire Station CFA
706023455,-37.2318841,145.9107511,fire_station,CFA Eildon Urban Fire Brigade
720853358,-38.1149591,145.173401,police,Carrum Downs Police Station
726922930,-38.1772997,146.2927274,fire_station,Newborough Station
732364005,-35.7339726,143.9213916,police,Kerang Police Station
809896100,-38.4815661,143.5876524,fire_station,Country Fire Authority
839474895,-37.6937963,144.9983867,police,Reservoir Police Station
839735316,-38.5485467,145.4751518,fire_station,Kilcunda Fire Station
846621010,-38.3363788,144.2625067,fire_station,Bellbrae CFA
851834099,-36.713212,142.200748,fire_station,CFA District 17
895564847,-37.9516934,145.5511301,fire_station,Gembrook CFA
1021875043,-37.6094146,144.4667091,fire_station,Coimadai Fire Station CFA
1093872175,-37.670413,144.8502599,police,Melbourne Airport Police Shopfront
1107491655,-38.5295088,146.2073623,fire_station,Milford CFA
1140312913,-37.5866714,141.4042082,fire_station,CAsterton CFA
1171472423,-37.5815039,141.4079945,fire_station,Casterton RFB Training Ground
1201233025,-37.9551663,145.1513886,police,Springvale Police Station
1214806053,-38.4273941,145.0445008,fire_station,
1258969343,-37.5143789,145.1160277,fire_station,Whittlesea Urban Fire Brigade
1278910728,-37.4961329,145.0738373,fire_station,CFA Whittlesea Satellite Station
1294550604,-36.0763558,142.4163749,fire_station,Brim CFA
1313545958,-37.5949533,145.1025492,fire_station,Mernda CFA
1388235170,-37.8811558,145.0234719,police,Caulfield Police Station
1426977562,-37.9153764,147.7227272,fire_station,Paynesville Fire Station CFA
1426980648,-37.9237242,147.7298302,fire_station,Paynesville CFA - Raymond Island Satellite Station
1433191422,-38.1132024,144.2648902,fire_station,Stonehaven CFA Fire Station
1513717836,-38.0372547,145.3438885,fire_station,Berwick Fire Station
1513720165,-38.0472727,145.3680607,fire_station,Beaconsfield CFA Fire Station
1573321336,-38.220964,145.3117766,fire_station,Country Fire Authority
1576411831,-36.6181146,145.2159719,police,Murchison Police Station
1680966161,-38.2132476,145.3152374,fire_station,Cannons Creek CFA
1700435003,-38.1949399,145.1569939,fire_station,Baxter Fire Station
1706813366,-38.4020727,146.1618392,fire_station,Mirboo North CFA
1706813374,-38.4008938,146.1588654,police,Mirboo North Police Station
1707829684,-37.180931,143.2503607,police,Elmhurst Police Station
1709550485,-37.7545346,145.687989,police,Warburton Police Station
1742496108,-37.6383956,145.2434848,fire_station,Panton Hill CFA
1743099633,-37.8465185,144.075991,police,Meredith Police Station
1759537811,-37.6740548,145.1609547,fire_station,Diamond Creek Fire Brigade
1763735149,-36.4580881,142.5889711,police,Minyip Police Station
1769333135,-38.2407558,142.9196161,police,Terang Police Station
1781361925,-38.3809076,142.4785174,police,Warrnambool Police Station
1782260861,-38.2320223,143.1493202,fire_station,Camperdown CFA
1782260862,-38.2307628,143.1462347,police,Camperdown Police Station
1788246812,-37.9634883,147.0802013,police,
1804544513,-37.904827,144.6627278,fire_station,Werribee Fire Brigade
1818518447,-37.8274615,147.6260567,fire_station,Bairnsdale CFA
1849299187,-36.7870551,144.5016968,police,Axedale Police Station
1869736532,-38.184344,144.6854758,fire_station,St Leonards-Indented Head Fire Station
1901521559,-37.5607262,149.7508807,fire_station,Mallacoota CFA Fire Station
1901521695,-37.5603392,149.7511007,police,Mallacoota Police Station
1969287281,-37.9817089,146.7855062,police,Heyfield Police Station
1973261460,-37.804093,144.99336,police,Collingwood Police Station
1973352740,-37.8478,145.0,police,Prahran
1973352744,-38.1153,144.658,police,Portarlington
1973352748,-38.175,144.57,police,Drysdale
1973352750,-38.3706,144.819,police,Rye
1973352751,-37.81647,144.966461,police,Melbourne East Police Station
1973352753,-38.2702,144.661,police,Queenscliff
1973352758,-37.8134,144.957,police,Melbourne Custody Centre
1973352760,-37.8132,144.958,police,Melbourne Prosecutions
1973353515,-38.2003356,145.4892906,police,Koo Wee Rup
1973353516,-38.5209552,145.3783075,police,San Remo
1973353552,-38.6309241,145.7272697,police,Inverloch
1973358896,-38.6616115,146.3245977,police,Toora Police Station
1973359159,-38.6521402,146.2023127,police,Foster Police Station
1973359646,-38.58,146.011,police,Meeniyan
1973361569,-38.4750347,145.9458525,police,Leongatha
1973361570,-38.2126916,146.1540429,police,Trafalgar Police Station
1973361571,-38.1761403,146.265294,police,Moe Police Station
1973361572,-38.3687176,145.7037266,police,Loch
1973361577,-38.4348145,145.8242315,police,Korumburra Police Station
1973361581,-38.1302036,145.8490229,police,Drouin
1973361582,-38.1134141,145.2833318,police,Cranbourne
1973361587,-38.1617397,145.9332194,police,Warragul
1973361588,-38.0975,145.718,police,Bunyip
1973361948,-37.9758196,145.2616274,police,Endeavour Hills Police Station
1973361951,-37.8771727,147.994663,police,Lakes Entrance Police Station
1973361952,-38.0578826,147.5673636,police,Loch Sport Police Station
1973362348,-38.031702,143.633705,police,Cressy Police Station
1973362838,-37.7575353,145.0706781,police,Heidelberg Police Station
1973362859,-37.7557126,144.8595008,police,Avondale Heights
1973362867,-37.7041169,145.0964111,police,Greensborough
1973362896,-37.7229,144.893,police,Police Airwing
1973382964,-37.4854515,144.5854995,police,Gisborne Police Station
1973382982,-37.6832159,144.9165236,police,Broadmeadows Police Station
1973382983,-37.4621418,144.678241,police,Riddells Creek Police Station
1973382987,-37.2786,144.736,police,Lancefield
1973382990,-37.3544,144.527,police,Woodend
1973382992,-37.4229,144.568,police,Macedon
1973383004,-37.5795942,144.7357618,police,Sunbury Police Station
1973383012,-37.8915495,145.1749667,police,Police Academy
1973383033,-37.8477958,144.6870034,police,Wyndham North
1973383036,-38.0234,144.396,police,Lara Police Station
1973383040,-38.0500177,144.1683914,police,Bannockburn Police Station
1973383041,-38.1015,144.051,police,Inverleigh
1973383053,-37.8628817,145.0797951,police,Ashburton
1973383056,-37.8509547,145.0981719,police,Burwood Police Station
1973383069,-37.8183,145.186,police,Whitehorse TMU
1973383073,-37.8699027,145.236715,police,Knox Police Station
1973804543,-36.5518701,146.2780296,fire_station,"CFA, Greta"
1974636713,-36.5754988,146.3786124,fire_station,Moyhu Fire Station CFA
1996806967,-37.7354167,142.0137757,fire_station,CFA District 5 Headquarters
2004073110,-37.8582621,141.7987037,police,Branxholme Police Station
2034555927,-36.7876127,145.1544928,police,Nagambie Police Station
2049314075,-35.3559696,143.5629299,police,Swan Hill Police Station
2057576927,-37.0523816,146.0869597,police,Mansfield Police Station
2069739897,-38.0816427,142.8081366,police,Mortlake Police
2075546121,-36.3737004,142.9842248,police,Donald Police Station
2077033600,-38.7597055,143.6702759,police,Apollo Bay Police Station
2115378034,-35.7312062,143.919012,fire_station,
2131769728,-37.75165,145.024419,police,Vehicle Impoundment Support Unit
2134623103,-38.0363464,145.1079847,fire_station,Edithvale Fire Brigade
2151169110,-37.2322288,145.9103758,police,
2153946268,-37.781893,145.431427,fire_station,Wandin CFA
2160276034,-37.8752212,145.4076111,police,Monbulk Police Station
2186577075,-37.7313139,144.659323,fire_station,Rockbank CFA
2241257460,-36.3627737,141.1309954,fire_station,Lillimure VFS
2243238066,-37.9804916,146.7898666,fire_station,Heyfield CFA
2243329096,-37.9251678,146.8900104,fire_station,Newry
2274568536,-37.6890557,148.1695643,fire_station,Wairewa Country Fire Authority
2293622729,-35.6810323,142.6655976,police,Woomelang Police Station
2294636889,-35.6361339,142.9948252,fire_station,Berriwillock CFA Station
2295383350,-35.5022879,142.8497674,police,Sea Lake Police Station
2298280934,-35.8991911,141.9950003,fire_station,Rainbow Fire Station
2302010650,-37.7390408,142.0255533,fire_station,Hamilton CFA
2302107781,-38.5210727,143.7165948,police,Forrest Police Station
2302113533,-38.1952805,143.6400025,police,Beeac Police Station
2303680384,-35.4010404,142.4407598,police,Speed Police Station
2307249951,-37.7065293,148.4560396,police,Orbost Police Station
2308134199,-36.633032,142.6306433,police,Rupanyup Police Station
2312176576,-37.6757582,144.4359511,police,Bacchus Marsh Police Station
2312177386,-37.675529,144.4343781,fire_station,Bacchus Marsh CFA
2313978407,-36.6166237,142.4696466,police,Murtoa Police Station
2316910954,-36.6422147,145.5433392,fire_station,Riggs Creek CFA
2316930536,-36.5375236,145.497983,fire_station,Karramomus CFA
2318190796,-36.541705,145.667928,fire_station,Earlston CFA
2318216050,-36.4688714,145.6311903,fire_station,Caniambo Fire Station
2319103131,-36.0788396,145.688635,fire_station,CFA
2325109301,-36.2489612,144.9506034,police,Tongala Police Station
2350228086,-36.1966947,147.9030143,fire_station,Corryong CFA
2350228102,-36.1944791,147.9040356,police,Corryong Police Station
2378996269,-37.5102256,145.1186201,police,Whittlesea Police Station
2388077219,-35.9432196,142.4194627,police,Beulah Police Station
2389081999,-38.0990096,145.9711788,fire_station,Nilma North CFA station
2392319460,-37.5641339,143.85943,police,Ballarat Police Station
2396135618,-36.4241965,143.6157844,police,Wedderburn Police Station
2404418488,-37.5661846,146.2502977,fire_station,Woods Point CFA
2404418490,-37.5674692,146.2508653,police,Woods Point Police Station
2404431820,-36.8206655,146.0081411,fire_station,Lima South CFA
2404848417,-36.9356826,146.2381852,fire_station,Tolmie CFA
2407469412,-36.763766,146.4143437,police,Whitfield Police Station
2414431068,-37.7757032,145.3575665,fire_station,CFA
2419656319,-36.0744557,143.2260144,police,
2453578392,-37.3035492,146.1388964,fire_station,Jamieson CFA
2453578394,-37.3032693,146.138424,police,Jamieson Police Station
2462890621,-38.4355196,145.8263235,fire_station,Korumburra Fire Station
2471694472,-37.3403703,144.1425975,police,Daylesford Police Station
2471707055,-36.3702743,146.2539481,fire_station,CFA
2472127919,-37.7964037,148.5337582,fire_station,Coast Guard
2472127932,-37.7964108,148.5334971,fire_station,CFA
2481828518,-38.352461,141.6081185,police,Portland Police Station
2489449884,-37.4226662,143.8954342,fire_station,Creswick CFA
2489449917,-37.4298583,143.8923839,police,Police Station
2589888428,-37.6465981,143.9746311,fire_station,Mount Buninyoing RFS
2591028210,-37.2621378,147.7210579,police,Swifts Creek Police Station
2619470910,-38.1036599,147.0657004,fire_station,CFA
2635707322,-37.3419896,144.1408159,fire_station,CFA
2662841808,-38.0477141,145.8064459,fire_station,CFA
2700742586,-36.0548753,144.1129824,police,Pyramid Hill Police Station
2713507745,-38.3875453,142.239425,police,Port Fairy Police Station
2774530865,-36.3606819,146.3138865,police,Wangaratta Police Complex
2868372854,-35.364769,143.1018218,fire_station,Waitchie Fire Brigade
2880934087,-36.4930839,146.8295772,fire_station,Mudgegonga CFA
2901147336,-36.7571633,145.569342,fire_station,Euroa CFA
2901154261,-36.7517091,145.5726733,police,Euroa Police Station
2909054075,-38.1846751,142.4344081,fire_station,Woolsthorpe Fire Station
2909081427,-38.2923884,142.3678769,police,Koroit Police Station
2934155580,-35.0699539,142.3152118,police,Ouyen Police Station
2953708250,-37.4810508,149.6793853,fire_station,Mallacoota Satellite Fire Station (Gipsy Point) CFA
2958162922,-37.9662943,144.1349432,fire_station,Lethbridge Fire Station CFA
2962038091,-37.4131251,143.9868103,fire_station,Newlyn Fire Station CFA
2964110122,-37.8012471,147.4569875,fire_station,Lindenow South Fire Station CFA
2965816299,-35.2640574,141.1826623,police,Murrayville Police Station
2967415869,-37.5107264,145.7478699,police,Marysville Police Station
2967439406,-37.9439195,141.3180739,fire_station,Drik Drik CFA
2968743644,-36.2906007,146.7295578,fire_station,Wooragee CFA
3019312298,-38.2374673,142.9186425,fire_station,Terang Fire Station CFA
3028997173,-36.274002,147.1098977,fire_station,Sandy Creek CFA
3031096604,-36.2154331,147.1804531,police,Tallangatta Police Station
3044846780,-36.1085825,147.3205678,fire_station,Granya CFA Station
3044846783,-36.2175786,147.1821819,fire_station,Tallangatta CFA Station
3044846799,-36.1421026,147.0065991,fire_station,Bonegilla CFA Station
3044846803,-36.4298285,147.0647413,fire_station,Gundowring CFA Station
3044846819,-36.1597798,147.3449866,fire_station,Bullioh CFA Station
3044846820,-36.2097317,146.8874607,fire_station,Leneva CFA Station
3044846821,-36.2479416,147.027751,fire_station,Kiewa CFA Station
3044846823,-36.1944861,147.256537,fire_station,Old Tallangatta CFA Station
3048780739,-37.9659672,147.0823251,fire_station,
3134504467,-36.5335724,147.4967823,fire_station,Dartmouth CFA Station
3142855953,-36.0564454,146.458599,police,Rutherglen Police Station
3147217682,-36.0165755,146.0129119,fire_station,Yarrawonga CFA Station
3152045344,-38.375025,147.1888914,fire_station,Seaspray Fire Station CFA
3153600704,-38.2088291,147.4027316,fire_station,Golden Beach Fire Station CFA
3158704459,-36.1583378,146.0181764,fire_station,Wilby CFA Station
3160653580,-37.036996,141.2961947,fire_station,Edenhope Fire Station CFA
3160806230,-37.0363151,141.2927857,police,Edenhope Police Station
3171530546,-37.7073679,147.83096,police,Bruthen Police Station
3171556168,-37.7066566,147.830863,fire_station,Bruthen Fire Station CFA
3205478262,-37.3482209,144.7463269,fire_station,Romsey Fire Station CFA
3205507530,-37.4049976,144.8932036,fire_station,Darraweit Guim Fire Station CFA
3207013027,-37.4164465,144.9816606,police,Wallan Police Station
3208544763,-37.1234583,144.856818,police,Pyalong Police Station
3213973421,-37.2984602,145.0694129,fire_station,Clonbinane Fire Station CFA
3238861571,-36.651465,146.692743,fire_station,Buffalo River Fire Station CFA
3252919574,-37.5489466,145.6618843,fire_station,CFA
3264775045,-37.6929389,142.0100559,fire_station,Bainbridge Fire Station CFA
3266572326,-37.3043235,142.7658101,fire_station,Moyston Fire Station CFA
3273987274,-37.6292229,144.1055646,fire_station,Mount Egerton Fire Station CFA
3318126055,-37.0556618,142.784075,police,Stawell Police Station
3369923143,-38.0856159,145.6287422,fire_station,Tynong CFA
3378852985,-38.5600035,146.6771657,police,Yarram Police Station
3379190954,-38.5247413,146.8775946,fire_station,Woodside Fire Station CFA
3380582499,-38.1799862,147.089527,fire_station,Longford Fire Station CFA
3382197401,-37.6815009,144.219278,fire_station,Fiskville Fire Station CFA
3403050558,-38.1040856,147.0311171,fire_station,Sale Satellite Fire Station (Wurruk) CFA
3420724078,-36.5064458,146.676579,fire_station,Gapsted CFA Station
3438477701,-36.5781842,146.3751604,police,Moyhu Police Station
3483167620,-37.0986195,147.6014572,fire_station,Omeo CFA Station
3511426088,-37.8135266,144.9512028,police,Melbourne West Police Station
3606631217,-38.4036654,144.192121,fire_station,Anglesea Fire Brigade
3606631218,-38.4033595,144.1921503,police,Anglesea Police Station
3606633112,-37.1884775,145.7078967,police,
3606691431,-37.283986,142.9273772,police,Ararat Police Station
3689043404,-36.7280226,146.3034857,fire_station,Myrrhee CFA shed
3790958338,-37.5986199,141.3954548,fire_station,CFA Region 4 HQ - DEPI Yard
3806148397,-37.8457412,145.1714339,police,Forest Hill Police Station
3871936797,-37.296217,144.2440604,fire_station,Glenlyon CFA
3915669121,-36.5125004,146.0820526,fire_station,CFA Winton
3948925715,-37.9623257,145.3613739,fire_station,Narre Warren East Fire Brigade
3994016557,-38.4500036,145.2354039,police,Cowes Police Station
4005138884,-38.2211523,145.1553962,police,Somerville Police Station
4060933063,-37.7769374,144.7705827,police,
4125365923,-36.4032065,146.7547002,fire_station,Stanley CFA Station
4156656750,-38.1328984,145.3308561,fire_station,Clyde CFA
4214910546,-37.780283,145.6070316,police,Police Station
4330133379,-36.800372,146.4308074,fire_station,Cheshunt CFA Fire Station
4397113889,-36.0883746,145.444531,police,
4409596761,-36.5463789,146.0037481,fire_station,North East Regional Head Office
5068248651,-36.9216398,144.7091358,police,Heathcote Police Station
5086181773,-37.8723727,144.9739042,police,VF2 St Kilda Coast Guard
5086181774,-37.9740012,144.6925079,police,VF10 Werribee Coast Guard
5129777184,-36.5903897,145.0166097,police,
5316115673,-37.7112694,142.8416748,police,Lake Bolac Police Station
5333956312,-38.2095528,146.1560516,fire_station,CFA
5371161201,-38.3633256,144.7834479,fire_station,Blairgowrie Fire Station
5500174830,-38.5216834,145.3732552,fire_station,San Remo Fire Station
5659566196,-38.1581726,145.3017895,fire_station,Devon Meadows CFA
5706798426,-38.0973726,145.7174309,fire_station,Bunyip CFA
5982692329,-38.5225573,142.7953215,fire_station,Nirranda South Fire Brigade
6248593769,-37.6540559,144.4374084,fire_station,Bacchus Marsh CFA - Darley Station
6302777880,-37.8936412,145.9991786,fire_station,Noojee CFA
6319888175,-37.6739662,145.1607372,police,Diamond Creek Police Station
6579810509,-38.0182747,145.9541919,police,
6664997746,-37.3739558,145.2812919,fire_station,Flowerdale CFA
7021165571,-38.3967825,143.8866431,fire_station,Deans Marsh CFA
7152798873,-36.3589277,146.686728,fire_station,C.F.A. Beechworth
7270670890,-37.6797642,145.5323789,fire_station,CFA
7513681558,-38.3422821,143.5878946,fire_station,Colac Fire Station
7513681560,-38.3380917,143.5926878,police,Colac Police Station
7569660355,-38.6177632,142.9979852,police,Port Campbell Police Station
7735113544,-37.6035416,145.4176775,fire_station,CFA
7950375808,-37.7861411,145.5466986,fire_station,CFA
8061928402,-37.8245283,145.6543651,fire_station,CFA
8061929255,-37.86264,145.7491999,fire_station,CFA
8071912220,-36.4491456,145.2245772,fire_station,Tatura Fire Station
8201741842,-36.7894349,142.3032344,fire_station,Green Lake CFA
8283202918,-37.1471316,148.8849186,police,Bendoc Police Station
8298409069,-38.2864276,146.1760666,fire_station,CFA
8393097077,-36.1259987,144.7541552,police,Echuca Police Station
8393138581,-36.3137011,145.0524688,police,Kyabram Police Station
8393177659,-35.8113531,144.221599,police,Cohuna Police Station
8606216582,-38.0742634,145.1279449,fire_station,Patterson River Fire Brigade
8805686971,-37.1363825,142.519408,police,
8829006314,-36.4861037,144.7247699,fire_station,CFA
9030327148,-37.3070119,144.9497112,police,Kilmore Police Station
9099313797,-37.8399145,145.5931299,fire_station,Hoddles Creek Rural Fire Brigade (CFA)
9133550470,-37.4193516,145.4257411,fire_station,Glenburn CFA
9309987536,-37.0650016,148.5790506,fire_station,Bonang CFA
9356615480,-37.2931133,144.5068817,fire_station,Carlsruhe Fire Station
9374836970,-38.0743683,145.1276174,fire_station,Fire Station No. 90
9693941543,-37.8427914,147.0699376,police,Briagolong Police Station
9780435081,-35.9933201,145.7954863,fire_station,Cobram East Boosey CFA
9805458095,-38.5408532,143.9737002,police,Lorne Police Station
9805458096,-38.540457,143.9736848,fire_station,Lorne Fire Station
10169002122,-38.5624524,145.5478156,fire_station,Dalyston Fire Station
10179990056,-35.8724001,141.8189312,fire_station,Pigick CFA
10185277775,-38.4634837,145.2266273,fire_station,Phillip Island CFA Fire Station
10705799400,-35.2332083,141.3830448,fire_station,Cowangie CFA
10705838654,-35.1701384,141.8100883,police,Underbool Police Station
10705874663,-35.1726774,141.8085243,fire_station,Underbool CFA
10706251450,-35.1377356,142.0232749,fire_station,Walpeup CFA
10707769412,-35.0699585,142.313768,fire_station,Ouyen CFA
10708088049,-34.5861194,142.7707312,fire_station,Robinvale Fire Station
10708088050,-34.5862651,142.7707768,fire_station,Robinvale and District Area Headquarters
10708088052,-34.5854282,142.7704898,police,Robinvale Station
10752062624,-37.7770433,145.5300646,fire_station,CFA
10913810532,-36.0885421,145.4431819,fire_station,Numurkah Fire Station
11100893613,-36.4553438,146.0226694,fire_station,Chesney Vale C.F.A.
11155367484,-38.6280495,145.8089743,fire_station,CFA
11298855778,-37.8128603,144.9671535,police,Melbourne East Police Station
11386515418,-37.5917452,145.0332994,fire_station,CFA
11433049825,-37.5647308,149.1522661,police,Cann River Police Station
11442304733,-37.7371771,148.4293938,fire_station,CFA Newmerella
11442428002,-37.4997479,148.1713274,police,Buchan Police Station
11442428015,-37.5002394,148.1721457,fire_station,CFS Buchan
11442817412,-37.1869495,148.2682966,fire_station,Gelantipy CFS
11448146085,-37.3755544,147.8346975,fire_station,Ensay CFS
11464396583,-35.9259116,145.4765604,fire_station,Strathmerton CFA
11464396626,-35.9279407,145.23584,fire_station,Yalca Yielima CFA
11464401284,-36.0570264,145.2028909,fire_station,Nathalia CFA
11464501086,-36.2495613,144.949077,fire_station,Tongala CFA
11464615244,-36.2702811,144.535606,fire_station,Lockington CFA
11464634085,-36.226045,144.4324203,fire_station,Pinegrove
11464763698,-36.1783494,144.0325363,fire_station,Yarrawalla CFA
11474812186,-36.2510658,142.3939499,fire_station,Warracknabeal CFA
11474812189,-36.2505423,142.3938212,police,Warracknabeal Police Station
11475683961,-36.3324826,141.6497041,fire_station,Nhill CFA
11495559846,-36.4247332,141.639462,fire_station,Winiam CFA
11495582008,-36.8263806,141.4715483,fire_station,
11495738285,-37.1439502,141.385495,fire_station,Kadrook CFA
11495844655,-37.2010185,141.4616228,fire_station,Connewirricoo CFA
11495855983,-37.1642722,141.5938586,police,Harrow Police Station
11495856025,-37.1649501,141.5929421,fire_station,Harrow CFA
11507237219,-37.2974188,141.6698529,fire_station,Pigeon Ponds CFA
11532511197,-37.7103463,142.8438156,fire_station,Lake Bolac CFA
11558221676,-36.3122875,145.0482151,fire_station,
11575144137,-38.0738574,142.8144078,fire_station,Mortlake CFA
11721813584,-37.809845,144.967451,police,Australian Federal Police Southern Command
11949375086,-36.8635913,147.2826042,police,Falls Creek Police Station
12148538565,-36.7418443,145.1352812,fire_station,Bailieston Fire Station
14874997,-37.71830112307693,144.9618388076923,police,Fawkner Police Station
25563188,-37.73164141111111,144.93800253333336,fire_station,Fire Station No. 6
26431247,-37.81053225,144.951007575,fire_station,Fire Station No. 2
28063926,-37.74077553636364,144.86334836363633,fire_station,Fire Station No. 51
28464706,-37.80384653684211,144.96232017894738,fire_station,Fire Station No. 3
31148851,-38.18863830000001,144.32768835555555,fire_station,Fire Station No. 64
31298154,-37.1056063,144.063860425,police,
32663095,-37.77061617,144.95814434,police,Dawson Street Police Complex
36836624,-38.14605091818182,145.12659906363635,fire_station,Fire Station No. 91
40604047,-37.803290974999996,144.98620825,police,Victoria Police Collingwood Complex
44356539,-36.769456500000004,143.82959722500001,fire_station,Tarnagulla Fire Station
44398723,-36.601533950000004,143.9401509,police,Bridgewater Police
44410304,-36.4689793,143.85712859999998,fire_station,Powlett-Sailsbury Fire Station
46815074,-37.47311485,143.243255025,fire_station,Crossroads CFA
47478425,-38.138806694117655,145.12483302941177,police,Frankston Police Station
48031574,-37.8930965,145.31234065,fire_station,Upper Ferntree Gully CFA
48345715,-37.85998455882353,145.2851617882353,police,Boronia Police Station
49132296,-37.9811144,145.070869125,fire_station,Fire Station No. 33
49826174,-37.856143868749996,145.36494789374999,police,Olinda Police Station
49826177,-37.85649945,145.365405725,fire_station,Olinda CFA
49827427,-37.75833696,145.35327461000003,fire_station,Lilydale CFA
50191945,-36.38143941199999,145.398082688,police,Shepparton Police Station
53830772,-37.829587537500004,145.0052203875,fire_station,Fire Rescue Victoria - Burnley Complex
60740020,-37.637001850000004,145.026063375,fire_station,CFA Epping Fire Station
61351193,-37.42323006666666,144.56212843333333,fire_station,Macedon CFA
70801392,-37.67595902666666,144.85168934,police,Customs House
71071389,-38.3220874,144.31574934999998,fire_station,
71075690,-38.325419425,144.31807856666668,police,Torquay Police Station
71505710,-37.1021511,144.42357555,fire_station,Metcalfe Fire Station
71679096,-37.71341057,145.15084015,police,Eltham Police Station
78013226,-38.166216075,144.14240455,fire_station,Gnarwarre Fire Station
81610748,-37.048571800000005,143.81339408,fire_station,Carisbrook CFA
81809759,-38.145145383999996,144.356688668,police,Geelong Police Station
92204226,-36.73223561,146.97114781,fire_station,Bright CFA
93175179,-37.76458874666666,144.92432950666665,police,Moonee Ponds Police Station
94921389,-37.647714099999995,145.09073815,fire_station,Fire Station No. 81
96190431,-37.59504647999999,145.10245784,fire_station,
97631683,-38.05780778333333,145.30110525,fire_station,Narre Warren Fire Brigade
102927114,-37.90790422307692,145.35465744615385,police,Belgrave Police Station
103609979,-38.334746450000004,144.96106795,police,Dromana Police Station
105588370,-37.962333449999996,145.36143105,fire_station,Narre Warren East Fire Brigade
106971317,-38.21622452352941,145.0370606323529,police,Mornington Police Station
107688238,-37.90937718,145.35670422,fire_station,Belgrave CFA
108059977,-37.81900987,145.17756123,fire_station,Fire Station No. 27
110019582,-37.72568524444444,145.058948,police,Victoria Police Forensic Services
114375241,-37.656760399999996,145.37342933333335,fire_station,Country Fire Authority
123186740,-38.153732983333335,144.3600506,fire_station,Fire Station No. 63
137280007,-37.7239649,144.8077807875,police,Keilor Downs
141196274,-37.817336870000005,145.1833017,police,Nunawading Police Complex
141582680,-37.48554503333333,144.58665856666667,fire_station,Gisborne CFA
143827473,-36.391342042105265,145.3564251263158,fire_station,CFA - Mooroopna
144755106,-36.446401525,144.98541625000001,fire_station,Stanhope CFA
146845585,-38.174704625000004,146.259594575,fire_station,Moe CFA
147235780,-38.16164378333333,146.3607557166667,fire_station,Yallourn North CFA
147586299,-37.559743975,143.84347187499998,fire_station,Fire Station No. 67
149514695,-37.782311325,145.5306845,fire_station,Woori Yallock CFA
149686542,-37.77763458333333,145.45767058333334,fire_station,Seville CFA
150725626,-37.4271176,145.705312825,fire_station,CFA
150730617,-37.101484,145.616297175,fire_station,Yarck Fire Station
155085159,-38.307984857142856,145.18471045714287,police,Hastings Police Station
155085168,-38.30806040625,145.18263699375,fire_station,Hastings CFA
156419533,-38.39882655,144.88764980000002,fire_station,Boneo CFA
158308081,-38.23088255454546,145.04234347272725,fire_station,Fire Station No. 94
158539477,-38.26676858076923,144.52195809615384,police,Bellarine Police Station
161958405,-37.635678510000005,145.19991598,fire_station,Hurstbridge Fire Brigade
161959188,-37.63999295,145.193036475,police,Hurstbridge Police Station
162958673,-38.06197194285715,145.4529652857143,fire_station,Fire Station No. 93
162958674,-38.062024709090906,145.45255118181822,police,Pakenham Police Station
167145012,-37.14629525,146.45138467499999,police,Police Station
167145014,-37.14636965,146.4507916,fire_station,Mt Buller CFA
167557366,-37.26415501666666,147.72267336666667,fire_station,Swifts Creek Fire Brigade / CFA
173101959,-37.4583601,147.25041045,fire_station,
175162927,-37.5780576,143.86643235000003,fire_station,Fire Brigade
178732906,-36.741887425,147.16960580833333,fire_station,Mt Beauy CFA Station
180824558,-38.0037038375,145.08639312500003,police,Mordialloc Police Station
181389132,-37.9788803,146.3713976,fire_station,CFA
184102155,-37.84755826875001,144.68706569375,police,Wyndham North Police Station
184283170,-36.358823975,146.68943174999998,police,Beechworth Police Station
186995094,-38.205691525000006,144.34494800000002,fire_station,Grovedale CFA
188284426,-37.802217275,144.979178425,police,Fitzroy Police Station
191850998,-37.76622400909091,145.00223367272727,police,Northcote Police Station
192055937,-37.275991950000005,143.513169825,fire_station,Lexton Fire Brigade
192055939,-37.275200125000005,143.51390709999998,police,Lexton Police Station
192884556,-37.43026923,143.38248015999997,fire_station,Beaufort Fire Station
193249482,-37.431504975,143.38115125,police,Beaufort Police Station
198230318,-36.955519975,147.70407275,fire_station,Benambra CFA
199291392,-37.83489732,144.95965579,police,South Melbourne Police Station
200720683,-36.99203325714286,147.14959097142855,police,Mount Hotham Police Station
200720684,-36.99045185,147.14806275,fire_station,CFA
201201476,-37.80886536999999,144.97533225499998,fire_station,Fire Station No. 1
201711232,-37.99030171363636,145.21727197272727,police,
204612385,-34.457582525,142.20108935000002,fire_station,Carwarp Fire Station
206815452,-37.86426087777778,144.8169262111111,fire_station,Fire Station No. 46
207651868,-37.903481525,145.1645133125,fire_station,Fire Station No. 31
207651871,-37.90333264545455,145.1641020090909,police,Glen Waverley Police Station
209529818,-37.8037875125,144.90117735,police,Footscray Police Station
217381207,-37.74461212941176,144.9949741411765,fire_station,Fire Station No. 12
217711684,-37.82713763333333,144.96021662500002,fire_station,Fire Station No. 38
217833871,-36.555756,145.97551309999997,police,Benalla Police Station
222238997,-37.6008549875,144.22509125,fire_station,Ballan Fire Station
223635037,-37.534227325,145.34031410625,fire_station,Kinglake CFA
223925305,-35.8496244375,143.52008448750001,fire_station,
224318302,-37.80035316666666,144.95463466666666,police,Melbourne North Police Station
225205277,-37.47304197272727,144.3063123090909,fire_station,Blackwood Fire Station
225752846,-37.684466275,145.219505625,fire_station,Kangaroo Ground CFA
231881965,-37.59985705,144.22087515,police,Ballan Police Station
232393516,-38.32968435,144.971783,fire_station,Dromana CFA
244269936,-38.133366162499996,145.8549705,fire_station,Drouin Fire Brigade
244920294,-38.0615607,146.62327056666666,fire_station,Toongabbie CFA
246574193,-38.004179650000005,145.27433980833334,fire_station,Fire Station No. 88
247559542,-37.8124046,145.00064526666665,fire_station,Fire Station No. 10
248744975,-37.817492137500004,144.99968775,police,Richmond Police Station
255766155,-36.894372024999996,147.061500925,fire_station,Harrietville Rural Fire Brigade
258998918,-37.810359825000006,145.340106925,fire_station,Montrose CFA
258998919,-37.85681425,145.31498683333334,fire_station,The Basin CFA
260989365,-36.38163539999999,145.706235375,fire_station,5041 Currawa Rural Fire Brigade Depot
262166657,-37.75570868333333,144.85960411666667,police,Avondale Heights Police Station
262495413,-37.755697975000004,144.85961625000002,police,
263925680,-37.83313876666667,144.93298088333333,fire_station,Fire Station No. 39
264103370,-38.1949284,146.53667745,police,Traralgon Police Station
266321171,-38.27110927692308,144.4896617692308,fire_station,Barwon Heads CFA Fire Station
266340217,-38.257346411538464,144.53664146923077,fire_station,Fire Station No. 66
266476037,-38.195997075,144.61082141666668,fire_station,Mannerim CFA
266478905,-38.11489916271186,144.6563251694915,fire_station,Country Fire Authority - Portarlington
266485174,-38.17351251666667,144.57097944999998,fire_station,Drysdale CFA
266742456,-38.1340625,144.319437575,fire_station,Geelong West CFA
266752656,-38.120282383333326,144.35952203333332,police,VF8 Geelong Coast Guard
266791681,-38.02070738636364,144.41461926363635,fire_station,Fire Station No. 61
266815472,-38.0736657,144.35810493846154,police,Corio Police Station
266830327,-38.0995431,144.35314333076923,fire_station,Fire Station No. 62
267873458,-38.435595,145.82624922,fire_station,Korumburra Fire Brigade
274473508,-37.69546645384615,144.7750842076923,fire_station,Fire Station No. 48
276688984,-38.263936675,144.66414795,police,VF9 Queenscliff Coast Guard
277528376,-36.140462400000004,141.987575825,fire_station,Jeparit Fire Station
278778577,-36.02105578,145.9951401,police,Yarrawonga Police Station
283560342,-36.575453933333335,142.99285826666667,fire_station,Traynors Lagoon Fire Station
286483023,-36.3330179,141.65595315,police,Nhill Police Station
286894592,-35.382940424999994,142.19082605,fire_station,Patchewollock CFA
288308067,-37.68571292142857,144.57759145714286,police,Melton Police Station
288610136,-37.7219701875,145.14427716875,fire_station,Eltham City Fire Station
289010329,-35.4572601,142.470668125,fire_station,Turriff Fire Station (old)
289010335,-35.4562072,142.471404425,fire_station,Turriff Fire Station
289066755,-35.84980835,142.785524675,fire_station,Curyo
295322430,-37.585261700000004,141.40597367499998,police,Casterton Police Station
295620851,-38.13485001666667,141.62997956666666,fire_station,Heywood CFA
296092721,-37.70375045,142.11208185,fire_station,Strathkeller
296096469,-37.650204775,142.34477347499998,fire_station,Dunkeld CFA
296185053,-37.545398925,142.74146295,fire_station,Willaura CFA
296469434,-37.66645215,144.83399343125,fire_station,Melbourne Airport Fire Station
296480370,-37.68968615,142.96669160000002,fire_station,Westmere Fire Station
297669482,-37.21044466000001,145.42682050000002,police,
297719153,-36.8333752,145.33145670000002,fire_station,Locksley C.F.A.
298057302,-36.4631291,146.225820025,fire_station,Glenrowan CFA
298282281,-36.5891383,145.859641625,fire_station,Baddaginnie C.F.A.
298780576,-36.764885575,146.41436212500003,fire_station,Whitfield C.F.A.
300615836,-36.3277431,145.68468005,fire_station,Dookie CFA
300880837,-36.4120677,145.92209535,fire_station,Goorambat CFA
300919575,-36.371836175,141.885670925,fire_station,Gerang Fire Station
300926124,-37.483371950000006,144.7490014,fire_station,Clarkefield CFA
301477128,-37.3578976,144.52480359999998,fire_station,Woodend CFA
302026122,-36.6155211,144.5029963,fire_station,Goornong CFA
302668554,-36.21019585,144.23174105,fire_station,Mitiamo Fire Station
302739766,-35.921134300000006,144.02830427499998,fire_station,Macorna CFA
303170400,-35.185923949999996,143.34795603333336,fire_station,Nyah West CFA
303173429,-35.053657975,143.310870825,fire_station,Piangil Fire Station
303175509,-34.957204700000005,143.227732125,fire_station,Natya Fire Station
303175510,-34.8770063,143.14625492500002,fire_station,Kooloonong Fire Station
303263131,-36.1656798,144.79488832500002,fire_station,CFA
303314091,-37.04720845,144.79765137500002,fire_station,Tooborac CFA
303450795,-36.4416532,144.507245425,fire_station,Hunter CFA
303610087,-37.020613499999996,144.53230955,fire_station,Redesdale CFA
303728010,-37.414393675,144.7468955,fire_station,Bolinda & Monegeetta Fire Station CFA
303943574,-35.854371650000004,143.1787741,fire_station,Nullawill CFA
304068053,-35.155963825,142.657625875,fire_station,Mittyack CFA
304074460,-35.309623425,142.699615875,fire_station,Nandaly CFA
304080288,-35.717389849999996,143.10740105,fire_station,Culgoa CFA
304155342,-35.935961575,143.227706725,fire_station,Dumosa CFA
304172967,-36.1972552,143.34227995,fire_station,Teddywaddy CFA
304184896,-36.264979350000004,143.5078859,fire_station,Buckrabanyule CFA
304212247,-36.27362555,143.59942940000002,fire_station,Wychitella CFA
304212308,-36.3568082,143.703405,fire_station,Korong Vale CFA
304353785,-34.8546837,142.833327925,fire_station,Annuello CFA
304507067,-35.1879269,142.94582472500002,fire_station,Chinkapook CFA
304511010,-35.36474425,143.10186995,fire_station,Waitchie Fire Brigade
304590693,-35.4709122,143.26727065,fire_station,Ultima CFA
304632148,-35.57560000000001,143.34153515,fire_station,Meatian CFA
304654806,-35.67341772499999,143.3753056,fire_station,Lalbert CFA
304778044,-35.969984825,143.619426425,fire_station,Gredgwin CFA
304780589,-36.00806105,143.668842075,fire_station,Barraport CFA
304790879,-36.230259000000004,143.756346675,fire_station,Mysia CFA
305248107,-37.73929888,145.00602448,police,Preston Police Station
305528019,-38.2407552,144.1734371,fire_station,Moriac CFA
306110560,-36.78989415,143.55093255,fire_station,Bealiba CFA
307010900,-37.368181050000004,143.17233305,fire_station,Buangor CFA
307397913,-36.589535525,144.79357295,fire_station,Colbinabbin CFA
307739714,-36.321551275000004,141.457430525,fire_station,Diapur Fire Station
307747945,-37.540252825,144.95100860000002,fire_station,Kalkallo CFA
307981160,-38.1616818,145.93331948000002,police,Police
308005914,-36.657231325,142.256976625,fire_station,Dooen CFA
308329583,-38.692833625,146.08345674999998,fire_station,Fish Creek CFA
309189054,-37.761667175,143.0169048,fire_station,Nerrin Nerrin CFA
309206694,-36.607638800000004,142.35950605,fire_station,Jung CFA
309312096,-37.1304115,141.8476714,fire_station,Kanagulk CFA
309372986,-36.3775178625,141.24094295,fire_station,Kaniva CFA
309382088,-35.999277875,145.457386925,fire_station,Katunga CFA
309394765,-38.42657212500001,145.59973115000003,fire_station,Kernot CFA
309893333,-36.74665765,142.5493491,fire_station,Lubeck CFA
310165310,-38.039583935,147.59187268999997,fire_station,Loch Sport Fire Station CFA
310220882,-37.7064656,144.4698823,fire_station,Parwan CFA
310220883,-37.70640455,144.47000295,fire_station,
310346351,-37.604766175,142.96029199999998,fire_station,Mininera CFA
310637183,-37.855925755,145.02977642000002,police,Malvern Police Station
310641384,-38.0818752,145.57084027500002,fire_station,Nar Nar Goon CFA
311052512,-38.3353625,145.66993915,fire_station,Nyora CFA
311199355,-37.981726925,146.78556977500003,police,Heyfield Police Station
311232671,-36.582376925,142.11718150000002,fire_station,Pimpinio CFA
311827413,-36.563393133333335,145.33316851666666,fire_station,Arcadia CFA
311887911,-37.5244421,142.9444088,fire_station,Tatyoon CFA
313510952,-36.9954777,144.06484765,police,Maldon Police Station
314502168,-37.3437963,144.7415665,police,Romsey Police Station
314556385,-36.36948855,145.13220202500003,fire_station,Merrigum CFA
314821495,-36.76703811428571,144.26716797142856,police,Bendigo Police
316325032,-37.69313970384616,144.99940121153847,fire_station,Fire Station No. 7
320464134,-36.997633225,144.573795475,fire_station,Mia Mia CFA
320470595,-37.25219523,141.83245148,police,Balmoral Police Station
320470890,-37.249498224999996,141.84184305,fire_station,SES - Balmoral Emergency Services Centre
320479273,-37.033982025,141.7294736,fire_station,Douglas CFA
320482047,-36.837524275,141.96589065,fire_station,Noradjuha Fire Station
320497619,-36.7199064,141.47596542000002,fire_station,Goroke Fire Station
320498095,-36.718493375,141.471789225,police,Goroke Police Station
320752632,-37.810515953846156,145.23883927692307,fire_station,Ringwood Fire Station
320766033,-37.035194849999996,142.21451122500002,fire_station,Brimpaen CFA
320883247,-37.15901125,144.49961515,fire_station,Langley Barfold Fire Station
320960408,-36.990737175,141.93597875,fire_station,Toolondo Fire Station
321067132,-36.92995549999999,141.86070465,fire_station,Clear Lake Fire Station
321070384,-37.3697255,141.21562567499998,fire_station,Dergholm CFA
321072578,-36.967572575000005,141.08323514999998,fire_station,Apsley CFA
321072579,-36.96678125,141.08368245,police,Apsley Police Station
321378203,-37.80511335,141.52989345,fire_station,Digby CFA
321404343,-37.956053475,142.51834824999997,fire_station,Carramut CFA
321407796,-37.720255949999995,141.5500187,police,Merino Police Station
321407797,-37.7200066,141.5486695,fire_station,Merino CFA
321419540,-37.612291675,141.4427008,fire_station,Sandford CFA
321600959,-38.10726325,142.3236256,fire_station,Hawkesdale CFA
321722549,-38.24255445,142.69859985,fire_station,Framlingham CFA
321737230,-37.9970189,142.68551109999999,fire_station,Hexham CFA
321739581,-37.860858125,142.645035075,fire_station,Chatsworth CFA
321762813,-37.8885718,142.79859232500002,fire_station,Woorndoo CFA
322341061,-37.0986957,141.035888825,fire_station,Langkoop CFA
322356369,-37.0027011,141.1598626,fire_station,Bringalbert South CFA
323350776,-36.922015599999995,144.709420175,fire_station,Heathcote CFA
323350777,-36.92163776,144.70920346999998,police,Heathcote Police Station
323794721,-37.32636720833333,145.501957475,fire_station,Murrindindi Fire Station & Community Hub
324399987,-37.414763175,141.78204019999998,fire_station,Gringegalgona CFA
324405902,-37.540544999999995,141.716249125,fire_station,Wootong Vale CFA
324408907,-37.507808975,141.8463798,fire_station,Melville Forest CFA
324881019,-37.151275775,142.85528134999998,fire_station,Great Western CFA
324930945,-37.5289511,142.04034955,fire_station,Cavendish CFA
324930956,-37.527169175,142.0403756,police,Cavendish Police Station
324982990,-37.1229331,144.85655005,fire_station,Pyalong CFA
325860783,-36.886697375,143.86307927500002,fire_station,Eddington Fire Station
325998087,-36.858322475,143.73190355,fire_station,Dunolly CFA
326044113,-36.613356575,143.25656168749998,fire_station,St.Arnaud CFA
326437591,-36.0625474,143.44864905,fire_station,Glenloth East CFA
326841606,-36.418583399999996,143.611897375,fire_station,Wedderburn CFA
326846036,-36.556593125,143.52133655,fire_station,Fentons Creek CFA
326859914,-36.49344105,143.472982575,fire_station,Berrimal CFA
326870676,-36.633880825,143.40442844999998,fire_station,Kooreh CFA
326966223,-36.8043221,143.2874899,fire_station,Stuart Mill CFA
326997262,-36.936532025,143.32434927500003,fire_station,Redbank CFA
327008497,-36.827039225,144.58677945,fire_station,Knowsley CFA
327343179,-36.899200375,143.11119305,fire_station,Navarre CFA
327363879,-36.9089726,142.6617666,fire_station,Glenorchy CFA
327525568,-38.112345299999994,145.76901181666665,fire_station,Longwarry Fire Station
328490805,-38.31532955,142.067856025,fire_station,Yambuk CFA
328490807,-38.315109699999994,142.06796895000002,fire_station,
328927124,-37.81311026428572,145.22695285714286,police,Ringwood Police Complex
329057632,-37.6376961,142.54814960000002,fire_station,Glenthompson CFA
329379031,-38.20192364166666,146.52260066666665,fire_station,Fire Station No. 77
330455263,-37.02079345,145.13071970000001,fire_station,Seymour CFA
330889789,-35.503852825,142.84926975,fire_station,Old Sea Lake CFA Depot
331010223,-35.60786765,142.5814265,fire_station,Lascelles Fire Station
332469486,-37.86030918,145.26522419,fire_station,Fire Station No. 85
332474764,-37.840174383333334,145.27060446666667,fire_station,Bayswater CFA Fire Station
333552235,-37.967705280000004,145.17453114,fire_station,Noble Park Fire Brigade
334271246,-36.12219768888889,146.89012797777778,police,Wodonga Police Complex
335138618,-37.8138291,144.95092727142858,police,Spencer Street Police Complex
335172801,-38.22330245714286,145.16924828571427,fire_station,
335520542,-38.074002779999994,146.18022969999998,fire_station,Willow Grove CFA
336054125,-36.199265975,144.53420215,fire_station,Kota CFA
337979748,-37.0952421,147.39590499999997,fire_station,Cobungra Country Fire Authority
338112662,-37.819171225000005,145.128785525,fire_station,Fire Station No. 20
338123286,-37.05357684444444,142.78198628888887,fire_station,Former Stawell CFA
338123386,-37.053231422222225,142.78231924444447,fire_station,Stawell CFA
339552534,-38.4750601,145.945794275,police,
339858680,-38.444052074999995,145.907838175,fire_station,Ruby CFA
340534623,-38.4787655,145.94769954999998,fire_station,Leongatha CFA
341506020,-37.101855025,147.59228605,police,Omeo Police Station
343463922,-38.11115345,147.060667675,police,Sale Police Station
344091660,-37.799314366666664,145.2895031111111,fire_station,Croydon Fire Station
345463817,-36.769933275,143.8331233,police,Tarnagulla Police Station
345646790,-36.0483407,147.93145262500002,fire_station,Tintaldra Fire Station
347001964,-38.312315475,146.4222758375,fire_station,Churchill Fire Brigade
347395096,-38.2986986,142.810530975,fire_station,Garvoc CFA
347461016,-38.081201883333335,142.80409465000002,fire_station,Mortlake CFA
347486925,-37.874387424999995,142.2897769,police,Penshurst Police Station
347486934,-37.869546975,142.297367625,fire_station,Penshurst CFA
347773231,-38.0332064,141.99843275,fire_station,Macarthur CFA
348381053,-37.0471965375,143.73536912499998,police,Maryborough Police Station
352796070,-35.64501352,144.13131174,police,Koondrook Police Station
353201851,-37.87953495,147.98906069999998,fire_station,Lakes Entrance Fire Station CFA
355026166,-37.188473475,145.70786136249998,police,Alexandra Police Station
355228860,-35.95560601666667,144.36721466666665,police,Gunbower Police Station
355228861,-35.95736805,144.3718123,fire_station,Gunbower CFA
355357481,-35.61244195,143.598445575,fire_station,Beauchamp CFA
355955490,-36.719079625,144.68778235000002,fire_station,Toolleen CFA
357034066,-38.21750965,141.78262565,fire_station,Tyrendarra CFA
358844501,-36.65653575,143.69723905,fire_station,Rheola CFA
359541859,-37.93040106875,145.444127825,police,Emerald Police station
360630310,-36.53639105,144.206969975,fire_station,
360630317,-36.538954499999996,144.20425145000002,police,Raywood Police Station
360641581,-37.2106426,145.4236700666667,fire_station,
360704669,-36.458150200000006,144.79624297499998,fire_station,Corop Fire Station
360889290,-36.7398229125,141.9469068125,police,Natimuk Police Station
361106951,-36.40966885,143.973162725,fire_station,Serpentine Fire Station
361108970,-36.406050475,143.974096575,police,Serpentine Police Station
361124142,-35.508281075,142.85056467500002,fire_station,Sea Lake C.F.A
361247483,-36.744028975000006,146.0009629,fire_station,Swanpool Country Fire Authority
363535300,-36.739269549999996,143.90021710000002,fire_station,Newbridge Fire Station
363727894,-36.16666624999999,143.04292379999998,fire_station,Corack CFA
364900796,-37.740384425,145.027573475,police,
365467687,-38.25369445,141.7083359,fire_station,Narrawong CFA
365481267,-37.5496067,142.60330015,fire_station,Bomes Hill CFA
365783655,-37.59892175,143.21946575,fire_station,Stoneleigh CFA
365783657,-37.59873815,143.21962255,fire_station,Stoneleigh CFA (old shed)
366231517,-36.8153406,142.78513600000002,fire_station,Callawadda CFA (old shed)
366232311,-36.81818215,142.78597065,fire_station,Callawadda CFA
367090958,-38.335927675,143.78096465000002,fire_station,Birregurra CFA
367159828,-38.2418803,142.45860720000002,fire_station,Winslow CFA
367711487,-37.150414725000005,143.10966815,fire_station,Crowlands CFA
367787180,-37.00768185,143.132141375,fire_station,Landsborough CFA
367886339,-37.00377711666666,143.12852783333332,police,Landsborough Police Station
368073058,-36.413960949999996,142.852337275,fire_station,Laen North CFA
368263472,-36.296123550000004,142.8450262,fire_station,Litchfield Fire Station
369457766,-37.91896300645161,145.23871879677418,police,Rowville Police Station
369526230,-37.3420026,144.819799875,fire_station,Springfield CFA
369526232,-37.223044349999995,144.8190114,fire_station,Springfield Satellite Station Tartaraboo CFA
370134914,-36.98723615,143.710033075,fire_station,Bowenvale CFA
370186081,-36.964597125,143.88805639999998,fire_station,Baringhup West Fire Station
370307246,-36.99131605,143.612501,fire_station,Wareek & Bung Bong CFA
371541351,-37.4021487,142.131335075,fire_station,Mooralla CFA
371589840,-37.671160549999996,141.8381373,fire_station,Wannon CFA
371824640,-36.12476635,147.098810375,fire_station,Bethanga CFA Station
371824641,-36.125441300000006,147.09903349999996,police,Bethanga Police Station
371868120,-38.373692075,143.37849805,fire_station,Swan March CFA
372814465,-38.529845675000004,145.881061925,fire_station,Leongatha South CFA
373094266,-38.5340288,146.093277525,fire_station,Dumbalk CFA
373404394,-38.31992535,146.3291255,fire_station,Yinnar CFA
374504396,-37.31215085,144.59280823333333,fire_station,Newham CFA
375359133,-38.17816151666667,145.56952093333334,fire_station,Bayles CFA
377683320,-35.920485299999996,145.65111145,police,Cobram Police Station
377683321,-35.920157849999995,145.65111641666667,fire_station,Cobram Fire Station CFA
378590453,-37.79974526666667,145.051855975,police,Boroondara Police Station
378651359,-38.60782375,145.58987643333333,police,Wonthaggi Police Station
378652062,-38.59672663333333,145.59640513333332,fire_station,Wonthaggi Fire Station
381863406,-37.78543010238095,144.93211124047616,police,Flemington Police Station
381935333,-37.9210482,145.40778922500002,fire_station,Menzies Creek CFA station
382584689,-35.050351125000006,142.88265289999998,police,Manangatang Police Station
382584690,-35.0552317,142.8820978,fire_station,Manangatang CFA
382955003,-35.292870775,143.45237295,fire_station,Woorinen South CFA
383369694,-36.9886506,143.320891825,fire_station,Moonambel CFA
384764057,-37.321417600000004,145.7131806,fire_station,Taggerty CFA
385106220,-38.151251425,142.68617005,fire_station,Ellerslie CFA
385198903,-38.3341651,142.7293832,fire_station,Panmure CFA
385369747,-38.3663111,142.8080337,fire_station,Laang CFA
385369749,-38.347399625,142.816263725,fire_station,Laang CFA (old shed)
385391047,-38.32803231666666,143.07564775,police,Cobden Police Station
385391048,-38.32548355,143.0676086,fire_station,Cobden CFA
388193096,-36.14322935,141.988845525,police,Jeparit Police Station
391476571,-37.92637641666667,145.2483901,fire_station,Fire Station No. 86
391476572,-37.926378835294116,145.24840615294116,fire_station,
394998750,-37.68450502857143,144.8823301,fire_station,Fire Station No. 52
397087474,-36.6196321,142.469655525,fire_station,Murtoa CFA
398997112,-37.02936705,145.081444675,fire_station,HilldeneCFA
417225192,-37.75545018333333,145.34239483333337,police,Lilydale Police Station
418257760,-36.38225242777778,145.40013504444448,fire_station,Fire Station No. 75
421741131,-37.78023105,145.60708901666666,police,Yarra Junction Police Station
429281474,-37.828343825000005,144.96088079999998,police,Southbank Police Station
429455895,-37.628348450000004,146.6235196,fire_station,Licola CFA
430768656,-37.44006075,142.85983894999998,fire_station,Maroona Fire Station CFA
431107423,-37.7531595,145.69917751666665,fire_station,Warburton Fire Brigade CFA
434732040,-38.26890135,144.65896629999997,fire_station,
437241372,-36.02087041363636,145.99504195454543,police,Yarrawonga Police Station
438484511,-37.7611765,143.495978075,fire_station,Mannibadar CFA
438490158,-37.86025725,143.511187875,fire_station,Wallinduc CFA
440174962,-36.46192495,146.2238558,police,Glenrowan Police Station
440278283,-36.14807685,146.61062075,police,Chiltern Police Station
442014355,-37.53152565,145.34031183333335,police,Kinglake Police Station
442135751,-37.740692749999994,145.26916822500002,fire_station,Wonga Park CFA Fire Station
444210557,-38.368947025,145.70545805,fire_station,Loch CFA
448498538,-35.769035875,142.05638629999999,fire_station,Yaapeet CFA
448925964,-37.953514625,143.3405984625,police,Lismore Police Station
448927677,-37.95442355,143.3452873,fire_station,Lismore CFA
450022173,-37.7528886625,145.049877175,fire_station,Fire Station No. 15
453875378,-36.74398385,147.1714386,police,Mt Beauty Police Station
456496744,-36.86363795714286,147.28279357142856,fire_station,Falls Creek CFA Fire Station
457810251,-36.278851575000004,146.9169677,fire_station,
458201875,-36.56043355,146.7267483,police,Myrtleford Police Station
458367444,-36.539042775,146.59153279999998,fire_station,Whorouly CFA Fire Station
458585177,-36.731728,146.962121475,police,Bright Police Station
459492764,-36.3020653,146.4399604,fire_station,North Wangaratta Fire Station
459492786,-36.39028045,146.4531208,fire_station,Tarrawingee & Dristrict Fire Station
459493243,-36.4353458,146.54343457500002,fire_station,Everton Fire Station
459675547,-36.149330375000005,146.61128235,fire_station,Chiltern Fire Station
459696442,-36.08808365,146.5706932,fire_station,Cornish Town Firestation
461403412,-36.55213928333333,145.98579023333332,fire_station,Benalla CFA Station
461410515,-36.6400857,146.04655165,fire_station,Whitegate Fire Station
473450981,-38.07644915,145.48308649999998,fire_station,CFA Pakenham
474803504,-37.77055405,144.9166214,fire_station,Fire Station No. 50
477977134,-37.770278616666666,144.77877451666666,fire_station,Fire Station No. 43
478946463,-38.5143128,145.706581575,fire_station,Kongwak CFA
480558107,-37.639720775,145.1368641,fire_station,Yarrambat CFA
488356288,-36.102802225,146.6708271,fire_station,Barnawartha CFA Station
488955526,-36.1710846,146.7420638,fire_station,Indigo Valley CFA Station
488992160,-36.44145535,146.36822665,fire_station,Oxley Fire Station CFA
489976153,-37.04726616666667,143.7401686,fire_station,Maryborough CFA
496270867,-36.09912,147.0625577,fire_station,Bellbridge CFA Fire Station
496423843,-38.18713204,145.09244071999998,fire_station,Mount Eliza CFA
496460841,-37.247552222222225,144.45181597777776,police,Kyneton Police Station
496562096,-36.0667859,147.160533225,fire_station,Talgarno CFA Station
497352008,-37.5698272625,143.80010215,police,Ballarat West Police Complex
497794828,-37.835982776666675,144.84487565000003,police,
499063536,-37.59888973333334,145.27573866666668,fire_station,St Andrews Fire Station
500546897,-36.35281612500001,146.69333225833336,fire_station,Beechworth Fire Station
500577061,-37.192388675,142.60872005,fire_station,Pomonal CFA
510664520,-37.8631861,144.90645036666666,police,Williamstown Police Station
512028557,-36.24899168333334,144.95056971666665,police,Tongala Police Station
512802232,-38.17791045,146.25814379374998,fire_station,Fire Station No. 79
514408584,-37.84940387142857,144.88728957142857,fire_station,Fire Station No. 42
514409880,-37.8566793,144.9913595888889,fire_station,Fire Station No. 35
514631518,-36.976735675,145.7107886,fire_station,Merton CFA
528956212,-37.6214957,144.709561625,fire_station,
529812701,-36.0704535,146.739108,fire_station,Barnawartha Satellite Fire Station
530260949,-36.1352536,141.4378458,fire_station,Yanac Fire Station
536546086,-37.676536983333335,144.85067995,police,Australian Federal Police
539947196,-36.720489275,144.25575909999998,police,
541997489,-38.382992,145.29586415,fire_station,French Island Fire Station
542913677,-37.8979458423077,145.0880566230769,police,Oakleigh Police Station
543404316,-36.55818845,146.727063575,fire_station,Myrtleford CFA Fire Station
543420823,-37.65763026363636,145.07548575454544,police,Mill Park Police Station
548044876,-37.823340075,145.361828525,fire_station,Kalorama CFA
548374264,-37.79166675,144.54793180000001,fire_station,Eynesbury Fire Brigade
550205413,-37.79970988214285,145.05182778928574,police,Boroondara Police Station
554367059,-37.295162575,143.78358179999998,police,Clunes Police Station
557565063,-36.799045770000006,144.72309487,fire_station,Mount Camel CFA
558454099,-35.34412105,142.42542225,fire_station,Tempy CFA
559086536,-37.525424025,141.0319638,fire_station,Lake Mundi CFA
559234154,-37.611914425,141.03701842499999,fire_station,Lindsay CFA
559241615,-37.7288313,141.1365391,fire_station,Strathdownie CFA
559344146,-38.24353645000001,141.47779845,fire_station,Gorae West CFA
559345564,-38.311920150000006,141.50329977500002,fire_station,Cashmore CFA
559349306,-38.341755225,141.42941169999997,fire_station,Cape Bridgewater CFA
559414921,-38.213967425,141.61533795,fire_station,Heathmere CFA
559415647,-38.137397625,141.763778775,fire_station,Homerton CFA
559444626,-37.784016025,141.6674098,fire_station,Grassdale CFA
559444630,-37.838127575,141.725469275,fire_station,Morven CFA
559444634,-37.79137795,141.8071834,fire_station,Ardarchy CFA
559444639,-37.738884999999996,141.69825665,fire_station,Tahara CFA
559538662,-37.69334655,141.62203184999998,fire_station,Tahara West CFA
559538665,-37.656516575,141.606383,fire_station,Paschendale CFA
559538669,-37.628428825,141.66843145,fire_station,Hilgay Settlers CFA
559538671,-37.643817175,141.71951497499998,fire_station,Tarrenlea CFA
559567681,-36.3107403,146.84237494999996,police,Yackandandah Police Station
559590393,-37.3713998,141.56485557500002,fire_station,Nareen CFA
559590395,-37.4335984,141.59767165,fire_station,Wando Heights CFA
559590398,-37.494676825,141.498157975,fire_station,Wando Vale Fire Station
559590400,-37.595619125,141.560073425,fire_station,Muntham CFA
559731854,-36.6904622,142.044498675,fire_station,Vectis CFA
560013947,-36.312902075,146.840406,fire_station,Yackandandah Fire Station
560204782,-36.47048345,142.2203265,fire_station,North Wimmera CFA
560212912,-36.2907499,142.2195127,fire_station,Cannum CFA
560212915,-36.4489589375,142.4123055875,fire_station,Kellalac CFA
560212917,-36.1403408,142.2596386,fire_station,Crymelon CFA
560263249,-36.251274325,142.3968079375,fire_station,Warracknabeal CFA
560321083,-36.1979641,142.56833385,fire_station,Bangerang CFA
560321091,-36.2661408,142.63227759999998,fire_station,Areegra CFA
560321099,-36.341017750000006,142.66631354999998,fire_station,Boolite CFA
560321110,-36.345739375,142.5307375,fire_station,Sheep Hills CFA
560391219,-36.3691127125,142.9850877875,fire_station,Donald CFA
560391220,-36.36919475,142.98534805,fire_station,
560421282,-36.474631724999995,143.318835975,fire_station,Coonooer Bridge CFA
560422844,-36.46656284,143.19932728,fire_station,Gooroc CFA
560569111,-36.46433365,143.053930475,fire_station,Cope Cope CFA
560583232,-36.6713765,142.870524,fire_station,Marnoo CFA
560668571,-37.373190175,142.93726855,fire_station,Langi Logan CFA
561100959,-37.9963757,143.04672745,fire_station,Darlington CFA
561100963,-37.9532681625,143.3378622875,fire_station,Lismore CFA
561100965,-37.83542895000001,143.32547110000002,fire_station,Mingay & District CFA
561100968,-37.83632925,143.32337265,fire_station,Former Mingay & District CFA
561124929,-37.614561,143.58519209999997,fire_station,Snake Valley & District CFA
561140839,-37.821493616666665,145.04031415,fire_station,Fire Station No. 18
561156981,-36.25116065,147.034774825,police,Tangambalanga Police
561223289,-37.669729649999994,143.65414245,fire_station,Scarsdale Fire Station CFA
564917903,-36.48104745,147.02828512499997,fire_station,Dederang CFA Station
576130866,-38.08567902380952,145.18442646666668,fire_station,
579279569,-36.648875875,143.0227052,fire_station,Gre Gre Village Fire Station
579413583,-36.632524025,142.632257525,fire_station,Rupanyup Fire Station
583476468,-38.1545868,141.959078925,fire_station,Bessiebelle CFA
585067981,-37.6614879,144.88059046363637,police,Attwood Police Complex
585144471,-37.59193425,145.14027093333334,fire_station,Doreen CFA Fire Station
589387798,-36.69507525,146.913411375,fire_station,Porepunkah Fire Station
590324603,-36.68607865,147.140476175,fire_station,Tawonga CFA Station
593201852,-38.36312785,145.9759945,fire_station,Hallston/Mount Eccles CFA
593960582,-36.447491774999996,146.4312356,fire_station,Milawa Fire Station
594368389,-38.170015150000005,145.82904655,fire_station,South Drouin CFA
594368397,-38.20301775,145.86705819999997,fire_station,Lardner CFA
594815657,-38.231199425,145.99717125,fire_station,Darnum & Errinbank CFA
599424657,-37.88647874545454,144.74664864545457,fire_station,Fire Station No. 58
601887078,-36.114587400000005,146.85113017333336,fire_station,West Wodonga CFA Fire Station
602285536,-37.7148802375,145.1477399375,fire_station,Eltham Fire Station
602308770,-37.59859836,144.93253237999997,fire_station,Fire Station No. 80
602308772,-37.59879058,144.93320985999998,police,Craigieburn Police Station
605153420,-36.5872135,146.98630509999998,fire_station,Dedarong Satellite Fire Station
608167004,-38.605059825,146.58905635,fire_station,Alberton West CFA
608493810,-38.5655006,146.676594,fire_station,Yarram CFA
608787590,-38.293500200000004,146.70075874999998,fire_station,Gormandale CFA
617146205,-38.63354305,143.89121645,fire_station,Wye River CFA
624865136,-37.77186858,144.99943405,fire_station,Fire Station No. 13
629867638,-37.927604285714274,145.4441377,fire_station,
633770820,-38.062234100000005,145.41018215,fire_station,Officer Fire Brigade
638660029,-38.22116158823529,145.1553302882353,police,
639588624,-36.4463603,146.643141625,fire_station,Bowman - Murmungee Fire Station
639589525,-36.30893582,146.52380501,fire_station,Eldorado Fire Station
639591713,-36.18411715,146.46709735000002,fire_station,Springhurst Fire Station
639833894,-36.054964187500005,146.46520383749998,fire_station,Rutherglen Fire Station
639837268,-36.384594025000006,146.87591215,fire_station,Yackandandah Satellite Fire Station
639839754,-36.287856675,147.39183077500002,fire_station,Tallangatta Valley Fire Station
641750114,-36.62399075,146.822982625,fire_station,Oven Eurobin First Station
641750116,-36.5938386,146.86013095,fire_station,Rosewhite Fire Station
641751169,-36.40314575000001,147.241045125,fire_station,Noorongong Fire Station
641751180,-36.468423375,147.2497093,fire_station,Eskdale Fire Station
641751450,-36.532292075,147.37323127500002,fire_station,Mitta Mitta Fire Station
641751708,-36.187436500000004,147.7764168,fire_station,Cudgewa First Station
641751929,-36.216803625,147.652757625,fire_station,Berringama Fire Station
641752105,-36.0171577,147.54288068333335,fire_station,Burrowye Fire Station
641752143,-35.96602385,147.734178575,fire_station,Walwa Fire Station
641752144,-35.964827,147.733579525,police,Walwa Police Station
641753627,-36.302066075,147.85044425,fire_station,Nariel Valley Fire Station
642413478,-36.0541005,146.60227033333334,fire_station,Browns Plains Fire Station
642413479,-36.000261,146.4968592,fire_station,Carlyle Fire Station
642413480,-36.0125964,146.3948093,fire_station,Wahgunyah Fire Station
642413481,-36.104696974999996,146.310303375,fire_station,Norong Fire Station
642413482,-36.21142945,146.28601625,fire_station,Boorhaman Fire Station
642413543,-36.274160325,146.33482185,fire_station,Bowser Fire Station
642413992,-36.39459875,146.38215725,fire_station,Oxley Flats Fire Station
642413993,-36.444064999999995,146.29145570000003,fire_station,Laceby West Fire Station
643231714,-36.537268850000004,147.37761865000002,police,Mitta Mitta Police Station
643390292,-38.051240275000005,145.11638609166667,police,Chelsea Police Station
648561657,-37.027706175,145.94036384999998,fire_station,Maindample CFA
648650603,-37.102092479999996,146.25814146000002,fire_station,Merrijig CFA
654065370,-36.483650850000004,145.932251175,fire_station,Goomalibee & Upotipotpon Fire Station
655341027,-38.004417933333336,145.16119246666668,fire_station,Keysborough Fire Station CFA
659216805,-37.94840514285715,145.00384842857144,police,Bayside Police Station
660349339,-37.173523175,144.753858875,fire_station,Nulla Vale CFA
660349340,-37.185079125,144.7039139,fire_station,Benloch CFA
660349341,-37.202001349999996,144.5933904,fire_station,Pastoria CFA
662487509,-38.4834017,142.9711472,police,Timboon Police Station
670829543,-38.239110724999996,143.991818625,fire_station,CFA
671516027,-36.7887117,145.80229787499997,fire_station,CFA
672266578,-36.5125,146.082086075,fire_station,Winton CFA
675741828,-36.133330699999995,146.90162779285714,fire_station,Wodonga Fire Station
676214611,-37.972665225,145.147741175,fire_station,Fire Station No. 89
682609637,-37.833134691666665,145.0592723166667,police,Camberwell Police Station
683041190,-36.18882395,146.9538629,fire_station,Baranduda CFA Station
686249524,-34.18629786451612,142.1623015032258,police,Mildura Police Station
689388780,-36.72831925,141.7809659,fire_station,Mitre Fire Station
693844126,-37.78951970714285,145.31081997142857,police,Mooroolbark Police Station
698813428,-38.074297425,145.1279380625,fire_station,
699047290,-38.08559013333333,145.1843888666667,fire_station,Carrum Downs Fire Brigade
712038036,-37.70505395,145.1805094,fire_station,Research CFA
717447038,-38.01537473333333,145.95459031666667,fire_station,Neerim South Fire Station
722668356,-37.84580806,145.17158278,police,
722849202,-38.47012535,142.75002072499998,fire_station,
724806635,-36.454339700000006,142.0263508,fire_station,Dimboola Fire Station
724808559,-37.1788412,143.24758956666668,fire_station,Elmhurst CFA
735379836,-37.37097618,143.92097328,fire_station,Allendale Fire Station
736227419,-35.459597825,143.63156180000001,police,
739487706,-36.617223960000004,143.25957427999998,police,St. Arnaud Police Station
741167341,-37.47425258333333,144.97902711666663,fire_station,Beveridge CFA
741354984,-38.202331660000006,144.31267408000002,police,Waurn Ponds Police Station
744521678,-37.67649977142857,144.85070938571428,police,
744521679,-37.675861920833334,144.85149282083333,police,Australian Department of Home Affairs / Agriculture
759466210,-35.98054954999999,142.91744605000002,fire_station,Birchip CFA
759467704,-35.979825000000005,142.917594675,police,Birchip Police Station
759967376,-38.118564916666664,145.20271338333333,fire_station,Skye Fire Station
759967483,-38.1582660125,145.20888365000002,fire_station,Langwarrin Fire Station
761381126,-37.71071762857144,145.0480777142857,fire_station,Fire Station No. 14
761381409,-37.704500425,145.098644925,fire_station,Fire Station No. 16
761381704,-37.67040685,145.12299391000002,fire_station,Plenty Fire Brigade
761384235,-37.963096625,144.50001352499999,fire_station,Little River CFA
761384400,-37.02616983750001,145.13520525,fire_station,Seymour Fire Station
761384592,-37.092756300000005,145.103587775,fire_station,CFA
761384682,-37.12134416666667,145.21514646666665,fire_station,Trawool CFA
761385229,-36.89567165,145.2296388,fire_station,Avenel Volunteer Fire Brigade
761387437,-38.34344046666667,141.60452995,fire_station,Fire Station No. 71
761388786,-37.89997856666666,145.09530793333332,fire_station,Fire Station No. 25
761388862,-37.8752943,145.34452700000003,fire_station,Sassafras - Ferny Creek Country Fire Authority
761389498,-37.828489274999995,147.53134875,fire_station,Hillside Fire Station CFA
761392220,-37.6861863,144.929414275,fire_station,Fire Station No. 5
761392377,-38.343549875,145.7665371,fire_station,CFA Poowong
761392475,-36.297576275,142.02712699999998,fire_station,Antwerp Fire Station
761392848,-38.60722286666667,142.87677093333335,fire_station,Peterborough CFA
761394420,-38.664448975,146.32522975,fire_station,Toora Fire Station CFA
761396093,-38.261049666666665,145.18784643333333,fire_station,Tyabb CFA
761399513,-37.60512048333333,144.59179891666668,fire_station,Toolern Vale Fire Station CFA
761399858,-37.481105424999996,145.256956825,fire_station,Kinglake West CFA
761401963,-37.882660466666664,144.68134631666666,fire_station,Hoppers Crossing Fire Station CFA
761402028,-37.8353024,144.6950492,fire_station,Truganina CFA
761465625,-36.6057671,145.48118315,fire_station,CFA
761465668,-36.490282625,145.3360188,fire_station,Toolamba Fire Station CFA
761466150,-37.765940206249994,144.9651490375,fire_station,Fire Station No. 4
761466752,-37.6593455,145.3174189,fire_station,Christmas Hills North CFA
761599400,-35.266406075,141.186085575,fire_station,Murrayville Fire Station
761601513,-36.280754425,148.02563130000001,fire_station,Biggara CFA Fire Station
762797914,-37.563701685714285,143.86872365714285,fire_station,Ballarat East Fire Station
764113911,-37.8197404,144.850414325,fire_station,Fire Station No. 45
765239291,-38.23719604615384,146.39404037692304,police,Morwell Police Station
765291780,-37.87013215,147.322542075,fire_station,
771281596,-38.00405695,145.411188475,fire_station,Upper Beaconsfield
775892814,-37.94544283888888,145.04408193333336,fire_station,Fire Station No. 34
776404696,-37.92671093333334,145.3556158,fire_station,Belgrave Heights & South Fire Brigade
776405493,-38.12680547000001,146.57487301,fire_station,Glengarry Fire Station
779257375,-37.7955933,144.89568686666664,fire_station,Fire Station No. 47
784448406,-37.148795,146.131237625,fire_station,CFA
785835042,-36.79147595,146.07860115,fire_station,Samaria CFA
785836982,-36.93622967500001,143.2011384625,fire_station,Barkly CFA
785840539,-37.6074905,144.882684525,fire_station,Greenvale Satellite Fire Station
785841258,-36.9589259,146.0018677,fire_station,Barjarg CFA
785851544,-38.48263318333334,145.46711285,fire_station,Bass Fire Station CFA
786074561,-36.327626625,147.030769975,fire_station,Kergunyah Fire Station
790979321,-38.188272125,144.45845789999998,fire_station,Leopold Fire Station
799253492,-35.8089889,144.2189287,fire_station,Cohuna CFA
810121382,-34.388708675000004,141.59439085,fire_station,Werrimull Fire Station
810196163,-34.38738255,141.59757235,police,Werrimull Police Station
810336228,-34.388499225,141.33090407499998,fire_station,Meringur Fire Station
816347541,-36.463567149999996,146.22740225,police,
827614178,-37.644555966666665,144.9464419,fire_station,Fire Station No. 9
827614179,-37.66011989444444,145.02575411666666,fire_station,MFB Station No. 11
827614180,-37.79178511666667,145.0952515,fire_station,Fire Station No. 19
827614181,-37.8615916,145.1696351,fire_station,Fire Station No. 28
827614182,-37.93892143076923,145.11676726153846,fire_station,Fire Station No. 29
827614183,-37.76270646,145.13377020000001,fire_station,Fire Station No. 30
827614187,-37.901798174999996,145.025750975,fire_station,Fire Station No. 32
827614188,-37.865669125,144.77070155,fire_station,Fire Station No. 40
827614189,-37.72983715,144.81396877142856,fire_station,Fire Station No. 41
827614190,-37.7745356,144.82999545,fire_station,Fire Station No. 44
827614193,-37.57820548,144.71097755333332,fire_station,Fire Station No. 53
827614194,-37.5818725,144.73656075000002,fire_station,Sunbury Fire Station No. 2
827614195,-37.650680826666665,144.8945522133333,fire_station,Fire Station No. 54
827614196,-37.75512436428572,144.74039555,fire_station,Fire Station No. 55
827614197,-37.68549148888889,144.58177291666664,fire_station,Fire Station No. 56
827614198,-37.847052590000004,144.68792304,fire_station,Fire Station No. 57
827616372,-38.36855289166667,142.49261881666663,fire_station,Fire Station No. 70
827619179,-37.56903244545455,143.80019183181818,fire_station,Fire Station No. 68
827625854,-36.36144423571428,146.31388598571428,fire_station,Fire Station No. 74
827750509,-38.23578465,146.40669965,fire_station,Fire Station No. 78
827762206,-37.77023704210526,145.22135264210527,fire_station,South Warrandyte Fire Station
827762208,-37.97275541875,145.20175748124998,fire_station,Fire Station No. 87
827762211,-38.103847075,145.2839790875,fire_station,Fire Station No. 92
827762212,-38.369788192307695,144.88977431153847,police,Rosebud Police Station
827762213,-38.37038613571429,144.88981226428572,fire_station,Fire Station No. 95
828192994,-36.623731675,146.14779175,fire_station,Molyullah Fire Station
833161803,-38.35231395833334,141.60553875833332,police,
833164775,-38.352442605882345,141.60815847647058,police,
833742878,-37.68458444,144.88232322000002,fire_station,
835766370,-38.75660228333333,143.6683255833333,fire_station,Apollo Bay Fire & Rescue
839283448,-37.72430375,145.379432675,fire_station,Coldstream CFA
842120955,-38.100221476470594,147.14233166470586,fire_station,
846718840,-36.72996903333333,146.10689251666668,fire_station,Tatong Fire Station
856571455,-37.540329275,144.9509705,fire_station,Kalkallo CFA
864592907,-36.967296225,144.153597175,fire_station,Walmer Fire Station
864964383,-36.9788905,143.96285054999998,fire_station,Baringhup Fire Station
864966245,-37.085597750000005,143.9489961,fire_station,
865265986,-36.9951323,144.2623547,fire_station,Harcourt Fire Station
865266494,-37.051175666666666,144.21887925,fire_station,Castlemaine Fire Brigade
865279941,-37.0913628,144.20600514,fire_station,Campbells Creek Fire Station
865280440,-37.07975175,144.261115175,fire_station,Chewton Fire Station
865282858,-37.10108715,144.33264602499997,fire_station,Elphinstone Fire Stataion
865283752,-36.99004965,144.3557908,fire_station,Sutton Grange Fire Station
865284291,-36.87182295,144.31546612499997,fire_station,Sedgwick Fire Station
865284790,-36.820140724999995,144.30618937499997,fire_station,Mandurang Fire Station
865285918,-36.7689359,144.26424050000003,fire_station,Golden Square Fire Station
865287662,-36.75698582941176,144.2852643411765,fire_station,Bendigo Fire Station
865288742,-36.669981650000004,144.197282625,fire_station,Woodvale Fire Station
865289251,-36.734010925,144.13242715,fire_station,Marong Fire Station
865289695,-36.8354552,144.1570448,fire_station,Lockwood South Fire Station
865297792,-36.99756068333333,144.06816016666664,fire_station,Maldon Fire Station
865300272,-37.148657150000005,144.166029225,fire_station,Guildford Fire Station
865300991,-37.2079055,143.945312225,fire_station,Campbelltown Fire Station
865301594,-37.2834637,143.9109478,fire_station,Ulina Fire Station
865302153,-37.29450975,143.7807785,fire_station,Clunes Fire Station
865303102,-37.535193642857145,143.82013352857143,fire_station,Wendouree Fire Station
865303604,-37.569284,143.80002964,fire_station,
865304994,-37.59690566249999,143.840496325,fire_station,Sebastopol Fire Station
865306248,-37.634248425,143.75499257500002,fire_station,Ross Creek Fire Station
865307057,-37.55808845,143.99938115,fire_station,Bungaree Fire Station
865307847,-37.77525475,144.0264903,fire_station,Elaine Fire Station
865308446,-37.617893575000004,143.877063525,fire_station,Mount Helen Fire Station
865310816,-36.676401674999994,144.32102465000003,fire_station,Huntly Fire Station
865311082,-36.536525375,144.206833,fire_station,Raywood Fire Station
865313044,-36.37134865,144.2316057,fire_station,Dingee Fire Station
865313528,-36.054103225,144.114460475,fire_station,Pyramid Hill Fire Station
865314308,-36.57490105000001,143.873250375,fire_station,Inglewood Fire Station
865315393,-36.602758050000006,143.94333745,fire_station,Bridgewater Fire Station
865839138,-36.798700800000006,144.240005,fire_station,Kangaroo Flat Fire Station
865839379,-36.71795018,144.24946032000003,fire_station,Eaglehawk Fire Station
865840370,-38.372855725,144.8208892,fire_station,Rye Fire Station
865852293,-34.166098375000004,142.058891475,fire_station,Merbein Fire Station
865857059,-34.20457348888888,142.14997205555557,fire_station,Fire Station No. 72
865878998,-36.1083391,141.65238307500002,fire_station,Netherby Fire Station
866131150,-37.14077580000001,144.34959143333333,fire_station,Taradale Fire Station
866131639,-37.247113638461535,144.4513363923077,fire_station,Kyneton CFA Fire Station
867226330,-36.7433471,141.939124425,fire_station,Natimuk Fire Station
872269921,-37.389240875,144.258023925,fire_station,Trentham Satellite Fire Station (LyonVille)
872271889,-37.389511999999996,144.32257365,fire_station,Trentham Fire Station
890954208,-36.43994904,145.23145164,police,Tatura Police Station
890988612,-35.906171050000005,144.3017717,fire_station,CFA - Leitchville
893664693,-36.395519375,145.356149835,police,Mooroopna Police Station
894573172,-35.681912375,142.665579925,fire_station,Woomelang Fire Station
894574524,-36.115048775,143.72343517500002,fire_station,Boort Fire Station
894874819,-36.116034075,143.7234901,police,
895772292,-38.4080141,146.0511231,fire_station,Berrys Creek CFA
896075465,-37.8253452,144.90476475000003,fire_station,Fireboat Station
900603594,-38.3537442,145.18648895,fire_station,Crib Point Fire Station
901143467,-37.405029649999996,144.893189925,fire_station,
902371856,-37.39653255,144.5900973,fire_station,Mt Macedon CFA
908255382,-37.787142700000004,145.38052226666667,police,Mount Evelyn Police Station
908255383,-37.787432089999996,145.3803379,fire_station,Mount Evelyn CFA Fire Station
915003951,-37.063913428571425,144.2194043142857,police,
917281084,-37.8941857625,144.68154600625002,police,Werribee Police Station
925791613,-38.40210673333334,146.16178721666665,fire_station,Mirboo North Fire Station
925791618,-38.400800149999995,146.158883975,police,Mirboo North Police Station
925798500,-38.37708874,146.27601928,fire_station,Boolarra CFA
934909199,-37.63595923333333,144.80451868333333,fire_station,Bulla Fire Station
943440511,-37.02188875,147.2427729,fire_station,Dinner Plain CFA
945715908,-37.863189912500005,144.8102881,police,Altona Police Station
950036349,-37.80764405,144.7872533,fire_station,Fire Station No. 59
950042587,-37.617722275,144.949333625,fire_station,Fire Station No. 60
954610121,-36.856009775000004,145.0959434,fire_station,Wirrate CFA
954610791,-36.79758237777778,145.15175507777778,fire_station,Nagambie CFA
957370980,-34.167635777777775,142.06270814444443,police,Merbein Police Station
963630666,-37.713093900000004,144.33924215,fire_station,Rowsley Fire Station CFA
963951439,-37.683911800000004,143.36121685,police,
969791547,-36.26972381666666,143.34822228333334,police,
971502396,-35.968288575,141.973932775,fire_station,Werrap CFA
979458805,-37.760038050000006,145.23551253333335,fire_station,South Warrandyte CFA
979604258,-36.38451126923077,145.41209104230768,fire_station,FRV Station 75
981098306,-37.748077483333326,145.20960925,fire_station,Warrandyte CFA
981118053,-37.74061926666667,145.2127541,police,Warrandyte Police Station
981454677,-37.729309475,145.21414635,fire_station,North Warrandyte Fire Station
981461781,-37.7499688125,145.3171470625,fire_station,Chirnside Park CFA Fire Station
983042349,-37.785705766666666,145.32025478333335,fire_station,Mooroolbark CFA
998956720,-37.73429155,145.44968516666665,fire_station,Gruyere CFA
999304825,-37.98866444,145.31381287999997,fire_station,CFA Narre Warren North
1010191702,-36.857126,145.73571349999997,fire_station,Strathbogie Fire Station
1010192107,-36.0551751,146.68132205,fire_station,Barnawartha Satellite Fire Station
1010192544,-38.33583299000001,145.17778788,fire_station,Bittern Fire Station
1010193402,-37.46194054,144.67857740000002,fire_station,Riddells Creek Fire Station
1010195674,-36.743422975,144.204518175,fire_station,Maiden Gully Fire Station
1012939101,-37.765108891666664,145.30693975833336,fire_station,CFA District 13 Headquarters
1017983560,-38.047271328571426,144.17135908571427,fire_station,CFA
1019198937,-37.964072816666665,146.89200996666668,fire_station,Timambra CFA
1021869614,-37.88320601666667,145.29433083333333,fire_station,Ferntree Gully CFA
1022221819,-37.883407875,145.2943715875,fire_station,
1024211616,-37.687418225,143.5618317,police,
1025199827,-37.6434022,143.68601842500001,fire_station,Smythesdale CFA
1026662304,-37.3088435,144.13258494000002,fire_station,Hepburn Fire Station
1027578091,-37.81783889230769,145.12721703846154,police,Box Hill
1028282716,-38.1918717,142.93895775000001,fire_station,Noorat CFA
1029449866,-37.90879868333334,145.35543991666668,police,
1043274922,-34.30805038333334,142.1890000166667,fire_station,Red Cliffs CFA Fire Station
1043611109,-34.3040386090909,142.18686831818184,police,Red Cliffs Police Station
1044415035,-37.754602410000004,145.65435352,fire_station,Wesburn-Millgrove CFA
1049583285,-36.19416645,147.3314616,fire_station,Bullioh CFA
1054935912,-38.0322810875,142.0010888375,police,Macarthur Police Station
1054937349,-37.8430085,147.07140312500002,fire_station,Briagolong Fire Station
1056159555,-36.785392775,144.4996398,fire_station,
1056894187,-38.23203252,143.14929091999997,fire_station,
1058400478,-38.66550971,146.43939196000002,fire_station,
1058929662,-38.026491975,144.4857606,police,Avalon Police Complex
1067005286,-36.076339366666666,143.223858025,fire_station,Wycheproof Fire Station
1068948672,-36.267213049999995,143.34749069999998,fire_station,
1084337456,-37.762762125,144.96318575,police,Brunswick Police Station
1087863764,-37.371831199999995,144.1961957,fire_station,CFA
1096328178,-38.257755975,144.28247257499999,fire_station,Freshwater Creek
1096333266,-38.406278525,143.72157242499998,fire_station,Yeodene
1096339938,-38.45552545,143.68438605,fire_station,Gerangamete
1096463712,-38.0317321,143.633664075,police,Cressy Police Station
1096463713,-38.03128342,143.63329467999998,fire_station,Cressy Fire Station
1096463726,-38.195271999999996,143.64001852500002,police,Beeac Police Station
1096474783,-38.17043078333334,144.3195232,fire_station,Highton CFA Fire Station
1097621862,-37.140868,144.25311920000001,fire_station,Fryerstown Fire Station
1097914478,-37.692909442857136,144.74368822142858,fire_station,CFA
1097932312,-38.271869366666664,143.29703913333333,fire_station,Pomborneit North Fire Station
1098159617,-38.469362925,143.7584257125,fire_station,Barwon Downs Fire Station
1098232084,-37.698140824999996,143.162495575,fire_station,Carranballac Fire Station
1103528123,-38.018579175,143.77500642500002,fire_station,Barunah Plains North Fire Station
1105675912,-37.548180120000005,145.26926941999997,fire_station,Strathewen Fire Station
1106995008,-38.37324195,145.12870665,fire_station,CFA
1111994823,-37.930296475000006,141.55862882499997,fire_station,Hotspur CFA
1112666046,-36.83405905,141.006786725,fire_station,Benayeo CFA
1112667796,-37.21157205,141.10057005,fire_station,Poolaijelo CFA
1112667797,-36.55145085,142.509202875,fire_station,Coromby CFA
1112669923,-36.1301572,141.8611515,fire_station,Depta & Lake Hindmarsh CFA
1112669924,-36.21161635,142.03546977500002,fire_station,Tarranyurk CFA
1112669925,-36.992433825,141.492056625,fire_station,Charam CFA
1127978549,-36.0507707,142.21885335,fire_station,Willenabrina Fire Station
1132615638,-37.67025429499999,145.12217556000002,fire_station,Plenty Fire Brigade
1136840172,-38.24432165,143.98985484999997,police,Winchelsea Police Station
1144233464,-37.288279475,142.93222515000002,fire_station,Ararat Fire Brigade
1148105539,-35.681176539999996,142.67244816000002,fire_station,Woomelang CFA and SES
1148162689,-38.03241345,145.60242960000002,fire_station,
1148705685,-36.14190141363636,144.7520526090909,fire_station,Echuca CFA
1153454190,-37.8335962,144.34946528,fire_station,Balliang Fire Station
1157654526,-37.9313728625,145.42133175,fire_station,Clematis CFA
1158945130,-37.95851691428572,143.6232043,fire_station,Werneth CFA
1158947063,-37.872447557142856,143.902821,fire_station,Mount Mercer CFA
1159128928,-38.1265049,143.66984145,fire_station,Weering CFA
1160103108,-37.81823591666667,143.08291116666666,fire_station,Pura Pura
1160164505,-38.19558826,143.19112054,fire_station,Chocolyn CFA
1160175920,-38.29149781666667,143.02087351666668,fire_station,Cobrico CFA
1162024558,-36.58772343333333,145.0211048,fire_station,Rushworth CFA
1164162230,-37.885518366666666,145.47732225,fire_station,Macclesfield CFA
1164822198,-38.01850548888889,143.5872297111111,fire_station,Duverney CFA
1192076098,-36.732780649999995,141.59184952500001,fire_station,Gymbowen Fire Station
1192947366,-37.668163275,145.1853149,fire_station,Wattle Glen Fire Station
1202791559,-35.910797,142.173912425,fire_station,Kenmare CFA
1203027702,-38.057337925,144.313601025,fire_station,Lovely Banks CFA
1203964242,-37.58383005,145.207274325,fire_station,Arthurs Creek Fire Station
1205885212,-37.948853685714276,143.22109987142858,fire_station,
1210279650,-38.547632633333336,145.9466666,fire_station,
1212670959,-36.38542948333333,141.33410275,fire_station,Lawloit CFA
1213987013,-37.10216095,146.25817847500002,fire_station,Merrijig Fire Station
1216500538,-38.110354300000004,143.85580530000001,fire_station,Wingeel Fire Station
1216688971,-38.1361476625,142.893216575,fire_station,Kolora Fire Station
1222466008,-37.41424525,144.74703285,fire_station,
1223156023,-37.920106375,145.1203444,police,Clayton
1223814412,-35.50555732,143.4501228,fire_station,Goschen CFA
1228179377,-37.68450321666666,143.35953343333335,fire_station,Skipton Fire Station
1231054327,-37.83280745,143.65976545,fire_station,
1231117419,-35.938316925,142.41945605,fire_station,Beulah Fire Station
1231331582,-37.93698592,145.03837513999997,police,Moorabbin Police Complex
1232307836,-37.901583875,143.72384384999998,fire_station,Rokewood Fire Station
1233073174,-35.728772,142.36599604999998,police,
1233258484,-35.7262822,142.364467425,fire_station,
1235802309,-37.9009025,143.72173894999997,police,Rokewood Police Station
1239531522,-37.932213274999995,145.49237745,fire_station,Cockatoo CFA
1245712429,-37.756987775000006,148.96217705,fire_station,Bemm River CFA
1246252164,-37.396380528571434,143.79924989999998,fire_station,Ascot Fire Station
1253838486,-37.87727855,142.3625828,fire_station,Burn Brae Fire Station
1258630859,-37.64919086,143.8767589,fire_station,
1260408809,-38.16979337142857,144.27374534285715,fire_station,Barrabool CFA
1261363617,-38.11468614,142.93523252,fire_station,Wooriwyrite Fire Station
1272513381,-38.0366038,142.44129660000002,fire_station,Spring Creek Fire Station
1272521230,-38.09592548,142.0546707,fire_station,Broadwater Fire Station
1273010223,-37.54527525,142.7415615,fire_station,
1273010228,-37.546019725,142.74112035000002,police,
1273633740,-37.64994752,142.34509724000003,police,
1281091366,-38.11286086,144.26478286,fire_station,
1298818603,-38.02584574545454,145.31105889090907,police,Narre Warren Police Station
1305718565,-37.55366883333334,143.38521333333333,fire_station,Lake Goldsmith Fire Station
1305743935,-37.48532425,143.5275146,fire_station,Brewster Fire Station
1307090022,-35.339811675,143.550141275,fire_station,Swan Hill CFA
1310765858,-37.86995548823529,145.2366751882353,police,Knox Police Station
1316109301,-35.3647529,143.10205268333334,fire_station,
1320663095,-37.531954325,141.56912425000002,fire_station,Carapook Fire Station
